Name,Unit,Expression,Value,Comment,Favorite
fdm_hole_shrink,mm,0.15,0.015,FDM holes always print smaller than modeled due to filament expansion and layer resolution. Add to all hole sketch diameters or apply via Offset Face. Measure a 10 mm test circle: shrink = 10.0 − actual_diameter. Update per machine.,True
fdm_outer_oversize,mm,0.10,0.010000000000000002,FDM outer surfaces print 0.05–0.20 mm larger than modeled due to extrusion pressure. Subtract from shaft and boss ODs for precise fits. Measure a 20 mm calibration cube in X and Y.,True
fdm_layer_height,mm,0.20,0.020000000000000004,"Default layer height. Base unit for teardrop compensation, bridge sag, and fillet minimums. Update when switching profiles — all derived params follow.",True
fdm_first_layer_height,mm,0.25,0.025,First layer printed thicker for bed adhesion. Relevant for total Z stack height calculations.,True
fdm_line_width,mm,0.45,0.045000000000000005,Actual deposited extrusion line width — typically nozzle_dia × 1.10–1.15. All wall thickness and bridge span calcs derive from this. Re-measure after any nozzle change.,True
fdm_elephant_foot,mm,0.15,0.015,"First-layer squish bulge on outer perimeter — typically 0.10–0.20 mm. Subtract from bottom-surface mating features (flanges, bases) so they sit flush. Dial in with a single-layer calibration square.",True
fdm_seam_protrusion,mm,0.05,0.005000000000000001,"Small Z-seam protrusion at layer start. Matters on outer mating surfaces. Either orient seam to a non-mating edge, or add this allowance to surface-critical fits.",True
fdm_min_infill_width,mm,2 * fdm_line_width,0.09000000000000001,"Below this pocket width, infill skips entirely and bridges. Account for this in thin pocket features — infill may not fill them at all.",True
fdm_solid_top_layers,,3,3.0,Number of solid top layers before a press-fit or heat-set mating surface for best dimensional accuracy. Fewer layers = rougher surface = worse fit.,True
fdm_nozzle_dia,mm,0.40,0.04,Base nozzle diameter. Line width and wall thickness derivations should reference this. Change when switching nozzles.,True
fdm_nozzle_06,mm,0.60,0.06,0.6mm nozzle diameter for fast structural prints. Line width ~0.66mm.,True
fdm_nozzle_08,mm,0.80,0.08,0.8mm nozzle for maximum strength and speed. Line width ~0.88mm.,True
fdm_layer_012,mm,0.12,0.012,Fine detail layer height. For cosmetic surfaces and small text. Slower but sharper features.,True
fdm_layer_016,mm,0.16,0.016,Balanced detail/speed layer height. Good compromise for visible functional parts.,True
fdm_layer_028,mm,0.28,0.028,Draft/fast layer height for 0.4mm nozzle. Maximum practical layer for rapid prototyping.,True
fdm_support_angle,deg,45,0.7853981633974483,Angle from vertical below which supports are needed. Complement of overhang_max (90-45=45).,True
fdm_support_gap_z,mm,0.20,0.02,Z gap between support interface and part bottom. Typically 1 layer height for easy removal.,True
fdm_support_gap_xy,mm,0.40,0.04,XY gap between support walls and part walls. Prevents fusion while maintaining proximity.,True
tol_fine,mm,0.10,0.010000000000000002,ISO 2768 fine class (f) — general linear tolerance ±0.05 mm per side for 3–30 mm features. Requires a well-calibrated machine.,True
tol_medium,mm,0.20,0.020000000000000004,ISO 2768 medium class (m) — ±0.10 mm per side for 3–30 mm. Default starting point for most functional FDM parts.,True
tol_coarse,mm,0.40,0.04000000000000001,ISO 2768 coarse class (c) — ±0.20 mm per side. For non-critical features or lower-accuracy machines.,True
tol_angular,deg,1.0,0.017453292519943295,General angular tolerance. Matches ISO 2768 medium angular class for 0–10 mm leg length. Critical angles (e.g. 45° for no-support printing) should be exactly constrained.,True
fdm_sliding_fit,mm,0.15,0.015,"FDM-practical sliding fit clearance per mating surface (total gap = 0.30 mm). Equivalent to coarse H8/e8 adapted for FDM variation. Use for lids, sliding panels, guide channels.",True
fdm_press_fit,mm,0.05,0.005000000000000001,FDM light press fit per mating surface (total gap = 0.10 mm). Requires deliberate hand force. Good for retained pins and press-in bushings.,True
fdm_interference_fit,mm,-0.05,-0.005000000000000001,FDM interference fit — hole modeled smaller than shaft by this per side. Requires significant force or press. Most reliable with TPU or small features.,True
tol_h7g6_running,mm,0.025,0.0025000000000000005,ISO H7/g6 running clearance fit reference. Only achievable by post-machining or reaming in FDM context. Provided as a design target.,True
fdm_min_hole_dia,mm,2.00,0.2,Minimum FDM hole diameter without post-processing. Smaller holes are often malformed — model at 1.5 mm and drill to final size.,True
fdm_teardrop_offset,mm,fdm_layer_height,0.020000000000000004,"Upward Z offset for horizontal holes to compensate overhang droop. Shift hole center up by this, or use teardrop profile.",True
fdm_hole_compensation,mm,fdm_hole_shrink,0.015,"Add to all circle sketch diameters, or Offset Face after modeling. References printer_accuracy_hole_shrink_compensation.",True
m3_selftap_hole,mm,2.70,0.27,"Hole diameter for direct M3 screw into plastic (self-tapping, no insert). Use for low-load non-serviceable joints. Engagement length ≥ 8 mm recommended.",True
m4_selftap_hole,mm,3.50,0.35000000000000003,Hole diameter for direct M4 self-tapping into plastic.,True
fdm_thread_engage_min,mm,6.00,0.6000000000000001,"Minimum thread engagement length for reliable printed threads under moderate load. Rule of thumb: 1× bolt diameter minimum, 2× for structural. At M3 that is 3–6 mm.",True
m2_thru_hole,mm,2.40,0.24,M2 bolt clearance through-hole. ISO M2 shank = 2.0 mm + 0.40 mm FDM clearance.,True
m2_close_fit_hole,mm,2.20,0.22000000000000003,M2 close-fit location hole — for alignment and indexed dowels.,True
m2_boss_od,mm,4.00,0.4,M2 boss OD — cylindrical pad surrounding M2 hole. 2× screw diameter rule.,True
m2p5_thru_hole,mm,2.90,0.29,M2.5 bolt clearance through-hole. ISO M2.5 shank = 2.5 mm + 0.40 mm. Raspberry Pi / SBC standard fastener.,True
m2p5_close_fit_hole,mm,2.70,0.27,M2.5 close-fit location hole.,True
m2p5_boss_od,mm,5.00,0.5,M2.5 boss OD — standard for SBC and PCB mounting posts.,True
m3_thru_hole,mm,3.40,0.34,M3 bolt clearance through-hole. Voron project standard. ISO M3 shank = 3.0 mm + 0.40 mm.,True
m3_close_fit_hole,mm,3.20,0.32000000000000006,M3 close-fit location hole.,True
m3_boss_od,mm,6.40,0.6400000000000001,M3 boss OD — Voron standard. ~1.5 mm wall around clearance hole.,True
m4_thru_hole,mm,4.50,0.45,M4 bolt clearance through-hole. ISO M4 = 4.0 mm + 0.50 mm.,True
m4_close_fit_hole,mm,4.20,0.42000000000000004,M4 close-fit location hole.,True
m4_boss_od,mm,8.00,0.8,"M4 boss OD — 2× screw diameter, ~1.75 mm wall.",True
m5_thru_hole,mm,5.50,0.55,M5 bolt clearance through-hole. ISO M5 = 5.0 mm + 0.50 mm.,True
m5_close_fit_hole,mm,5.20,0.52,M5 close-fit location hole.,True
m5_boss_od,mm,9.50,0.9500000000000001,M5 boss OD.,True
m6_thru_hole,mm,6.60,0.66,M6 bolt clearance through-hole.,True
m6_close_fit_hole,mm,6.20,0.6200000000000001,M6 close-fit location hole.,True
m6_boss_od,mm,11.00,1.1,M6 boss OD.,True
m2_heatset_hole,mm,3.20,0.32000000000000006,M2 heat-set hole ID. ~98% of insert OD. Measure your batch.,True
m2_heatset_depth,mm,3.20,0.32000000000000006,M2 recess depth = insert length + 0.20 mm.,True
m3_heatset_hole,mm,4.40,0.44000000000000006,M3 heat-set hole ID — Voron standard Ruthex M3×5×4 (OD=4.5 mm). 98% of OD.,True
m3_heatset_depth,mm,4.20,0.42000000000000004,M3 recess depth — 4.0 mm insert + 0.20 mm flush margin.,True
m3_heatset_boss_od,mm,7.00,0.7000000000000001,M3 heat-set boss OD — slightly larger than plain M3 boss to handle insert knurling pressure.,True
m4_heatset_hole,mm,5.40,0.54,M4 heat-set hole ID (Ruthex RX-M4×6 OD≈5.6 mm). Always measure batch.,True
m4_heatset_depth,mm,6.20,0.6200000000000001,M4 recess depth = 6.0 mm insert + 0.20 mm.,True
m5_heatset_hole,mm,6.40,0.6400000000000001,M5 heat-set hole ID. Verify OD of your specific insert brand.,True
heatset_temp_pla,,180,180.0,Soldering iron tip temp for PLA heat-set installation. Use a dedicated brass insert tip.,True
heatset_temp_petg,,220,220.0,Iron tip temp for PETG heat-set installation.,True
heatset_temp_abs_asa,,240,240.0,Iron tip temp for ABS/ASA heat-set installation.,True
m2_button_head_dia,mm,3.80,0.38,M2 button-head (ISO 7380) head OD.,True
m2_button_head_height,mm,0.90,0.09000000000000001,M2 button-head head height.,True
m2p5_button_head_dia,mm,4.70,0.47000000000000003,M2.5 button-head head OD.,True
m2p5_button_head_height,mm,1.30,0.13,M2.5 button-head head height.,True
m3_button_head_dia,mm,5.70,0.5700000000000001,M3 button-head head OD. Most common fastener in 3D printer assemblies.,True
m3_button_head_height,mm,1.65,0.165,M3 button-head head height.,True
m4_button_head_dia,mm,7.60,0.76,M4 button-head head OD.,True
m4_button_head_height,mm,2.20,0.22000000000000003,M4 button-head head height.,True
m5_button_head_dia,mm,9.50,0.9500000000000001,M5 button-head head OD.,True
m5_button_head_height,mm,2.75,0.275,M5 button-head head height.,True
m2_socket_head_dia,mm,3.80,0.38,M2 socket cap head (DIN 912) OD.,True
m2_socket_head_height,mm,2.00,0.2,M2 socket cap head height.,True
m2p5_socket_head_dia,mm,4.50,0.45,M2.5 socket cap head OD.,True
m2p5_socket_head_height,mm,2.50,0.25,M2.5 socket cap head height.,True
m3_socket_head_dia,mm,5.50,0.55,M3 socket cap head OD. Slightly narrower than button — useful where lateral clearance is tight.,True
m3_socket_head_height,mm,3.00,0.30000000000000004,M3 socket cap head height. Taller than button head — verify stack height in assemblies.,True
m4_socket_head_dia,mm,7.00,0.7000000000000001,M4 socket cap head OD.,True
m4_socket_head_height,mm,4.00,0.4,M4 socket cap head height.,True
m5_socket_head_dia,mm,8.50,0.8500000000000001,M5 socket cap head OD.,True
m5_socket_head_height,mm,5.00,0.5,M5 socket cap head height.,True
m3_flat_head_dia,mm,5.50,0.55,M3 flat-head socket screw (DIN 7991 / ISO 10642) head OD.,True
m3_flat_head_height,mm,1.70,0.17,M3 flat-head head height (below flush surface).,True
m4_flat_head_dia,mm,7.00,0.7000000000000001,M4 flat-head head OD.,True
m5_flat_head_dia,mm,8.50,0.8500000000000001,M5 flat-head head OD.,True
m2_hex_nut_af,mm,4.00,0.4,M2 hex nut AF (ISO 4032).,True
m2_hex_nut_height,mm,1.60,0.16000000000000003,M2 hex nut height.,True
m2p5_hex_nut_af,mm,5.00,0.5,M2.5 hex nut AF.,True
m2p5_hex_nut_height,mm,2.00,0.2,M2.5 hex nut height.,True
m3_hex_nut_af,mm,5.50,0.55,M3 hex nut AF. Standard for Voron nut traps. FDM pocket: model at 5.70 mm.,True
m3_hex_nut_height,mm,2.40,0.24,M3 hex nut height. FDM pocket depth: model at 2.60 mm.,True
m4_hex_nut_af,mm,7.00,0.7000000000000001,M4 hex nut AF.,True
m4_hex_nut_height,mm,3.20,0.32000000000000006,M4 hex nut height.,True
m5_hex_nut_af,mm,8.00,0.8,M5 hex nut AF.,True
m5_hex_nut_height,mm,4.00,0.4,M5 hex nut height.,True
m3_square_nut_width,mm,5.50,0.55,M3 square nut (DIN 557) width. FDM trap: 5.70 mm slot.,True
m3_square_nut_height,mm,1.80,0.18000000000000002,M3 square nut height. FDM trap depth: 2.00 mm.,True
m4_square_nut_width,mm,7.00,0.7000000000000001,M4 square nut width.,True
m4_square_nut_height,mm,2.40,0.24,M4 square nut height.,True
m3_washer_od,mm,7.00,0.7000000000000001,M3 flat washer OD (ISO 7089 normal series).,True
m3_washer_thick,mm,0.50,0.05,M3 flat washer thickness.,True
m4_washer_od,mm,9.00,0.9,M4 flat washer OD.,True
m5_washer_od,mm,10.00,1.0,M5 flat washer OD.,True
m3_dowel_pin_dia,mm,3.00,0.30000000000000004,"ISO 8734 dowel pin h6 class — 3 mm nominal. For precision alignment features. FDM receiver hole: 3.10–3.15 mm for clearance fit, or post-ream for press fit.",True
m4_dowel_pin_dia,mm,4.00,0.4,4 mm ISO dowel pin nominal diameter.,True
m5_dowel_pin_dia,mm,5.00,0.5,5 mm ISO dowel pin nominal diameter.,True
fdm_dowel_clearance,mm,0.15,0.015,"Add to dowel pin nominal diameter for a printed clearance receiver hole — part self-aligns but pin is not retained. For retention, drill and ream to H7.",True
m3_standoff_od,mm,5.50,0.55,M3 hex standoff OD — standard brass or aluminum spacers. Used for PCB mount boss sizing and clearance calculations.,True
m2p5_standoff_od,mm,4.50,0.45,M2.5 hex standoff OD.,True
ziptie_2p5mm_width,mm,2.80,0.27999999999999997,Standard 2.5 mm zip tie slot width with FDM clearance. For cable management routing channels.,True
ziptie_2p5mm_thick,mm,1.40,0.13999999999999999,Standard 2.5 mm zip tie slot thickness with FDM clearance.,True
ziptie_3p5mm_width,mm,3.80,0.38,Standard 3.5 mm zip tie slot width with FDM clearance.,True
ziptie_3p5mm_thick,mm,2.00,0.2,Standard 3.5 mm zip tie slot thickness with FDM clearance.,True
m3_nut_pocket_af,mm,m3_hex_nut_af + 0.20,0.5700000000000001,M3 hex nut pocket AF for FDM. ISO = 5.50 mm + 0.20 mm clearance.,True
m3_nut_pocket_depth,mm,m3_hex_nut_height + 0.20,0.26,M3 hex nut pocket depth. ISO height 2.40 + 0.20 mm.,True
m3_nut_pocket_circum,mm,6.60,0.66,M3 hex nut circumscribed circle + clearance for polygon-pocket method.,True
m3_sq_nut_pocket_width,mm,m3_square_nut_width + 0.20,0.5700000000000001,M3 square nut pocket width. ISO 5.50 + 0.20 mm.,True
m3_sq_nut_pocket_depth,mm,m3_square_nut_height + 0.20,0.2,M3 square nut pocket depth. ISO 1.80 + 0.20 mm.,True
m4_nut_pocket_af,mm,m4_hex_nut_af + 0.20,0.7200000000000001,M4 hex nut pocket AF. ISO 7.00 + 0.20 mm.,True
m4_nut_pocket_depth,mm,m4_hex_nut_height + 0.20,0.34,M4 hex nut pocket depth. ISO 3.20 + 0.20 mm.,True
m5_nut_pocket_af,mm,m5_hex_nut_af + 0.20,0.82,M5 hex nut pocket AF. ISO 8.00 + 0.20 mm.,True
m5_nut_pocket_depth,mm,m5_hex_nut_height + 0.20,0.42000000000000004,M5 hex nut pocket depth. ISO 4.00 + 0.20 mm.,True
m2_button_cbore_dia,mm,m2_button_head_dia + 0.40,0.42000000000000004,M2 button-head counterbore dia. ISO head 3.80 + 0.40 mm FDM.,True
m2_button_cbore_depth,mm,m2_button_head_height + 0.30,0.12,M2 button-head counterbore depth. ISO head 0.90 + 0.30 mm.,True
m2p5_button_cbore_dia,mm,m2p5_button_head_dia + 0.40,0.51,M2.5 button-head counterbore dia. ISO head 4.70 + 0.40 mm.,True
m2p5_button_cbore_depth,mm,m2p5_button_head_height + 0.30,0.16000000000000003,M2.5 button-head counterbore depth. ISO head 1.30 + 0.30 mm.,True
m3_button_cbore_dia,mm,m3_button_head_dia + 0.40,0.61,M3 button-head counterbore dia. ISO head 5.70 + 0.40 mm. Voron standard.,True
m3_button_cbore_depth,mm,m3_button_head_height + 0.30,0.195,M3 button-head counterbore depth. ISO head 1.65 + 0.30 mm.,True
m3_socket_cbore_dia,mm,m3_socket_head_dia + 0.40,0.5900000000000001,M3 socket cap counterbore dia. ISO head 5.50 + 0.40 mm.,True
m3_socket_cbore_depth,mm,m3_socket_head_height + 0.30,0.33,M3 socket cap counterbore depth. ISO head 3.00 + 0.30 mm.,True
m4_button_cbore_dia,mm,m4_button_head_dia + 0.40,0.8,M4 button-head counterbore dia. ISO head 7.60 + 0.40 mm.,True
m4_button_cbore_depth,mm,m4_button_head_height + 0.30,0.25,M4 button-head counterbore depth. ISO head 2.20 + 0.30 mm.,True
m5_button_cbore_dia,mm,m5_button_head_dia + 0.40,0.9900000000000001,M5 button-head counterbore dia.,True
countersink_angle,deg,90,1.5707963267948966,ISO metric flat-head included angle. 90° — NOT 82° (that is inch/UNC).,True
m3_countersink_dia,mm,6.00,0.6000000000000001,M3 flat-head countersink top opening. ISO head 5.50 + 0.50 mm.,True
m4_countersink_dia,mm,8.00,0.8,M4 flat-head countersink top opening.,True
fdm_thread_offset_petg,mm,-0.20,-0.020000000000000004,Offset Face per thread flank for PETG/ABS printed threads. Apply to both bolt and nut/hole.,True
fdm_thread_offset_pla,mm,-0.15,-0.015,Offset Face per flank for PLA. PLA prints tighter; slightly less clearance needed.,True
fdm_thread_tol_petg,mm,0.50,0.05,ISO Metric Thread Profile add-in tolerance for PETG/ABS. Sweet spot 0.40–0.60 mm.,True
fdm_thread_tol_pla,mm,0.40,0.04000000000000001,ISO Metric Thread Profile add-in tolerance for PLA.,True
m2_thread_pitch,mm,0.40,0.04000000000000001,M2 coarse thread pitch. Reference for thread tool.,True
m2p5_thread_pitch,mm,0.45,0.045000000000000005,M2.5 coarse thread pitch.,True
m3_thread_pitch,mm,0.50,0.05,M3 coarse thread pitch.,True
m4_thread_pitch,mm,0.70,0.06999999999999999,M4 coarse thread pitch.,True
m5_thread_pitch,mm,0.80,0.08000000000000002,M5 coarse thread pitch.,True
m6_thread_pitch,mm,1.00,0.1,M6 coarse thread pitch.,True
fdm_wall_minimum,mm,2 * fdm_line_width,0.09000000000000001,Minimum functional wall — 2 perimeters. Non-structural enclosures only.,True
fdm_wall_structural,mm,4 * fdm_line_width,0.18000000000000002,Standard structural wall — 4 perimeters. Voron default for load-bearing features.,True
fdm_wall_heavy,mm,6 * fdm_line_width,0.27,"Heavy-duty — 6 perimeters. Motor mounts, idler towers, sustained dynamic loads.",True
fdm_fillet_min,mm,fdm_layer_height * 2,0.04000000000000001,Minimum internal fillet to prevent delamination. 2× layer height.,True
fdm_fillet_standard,mm,1.00,0.1,Standard external edge fillet — aesthetics and chipping resistance.,True
fdm_fillet_large,mm,3.00,0.30000000000000004,"Large gusset fillet for high-stress junctions (toolhead arms, motor mounts).",True
fdm_chamfer_standard,mm,0.50,0.05,Standard 45° chamfer for edge breaking and hole lead-ins.,True
fdm_chamfer_leadin,mm,0.80,0.08000000000000002,Larger lead-in chamfer for pin/shaft insertion guidance.,True
fdm_overhang_max,deg,50,0.8726646259971648,Max unsupported overhang from vertical on standard machines.,True
fdm_overhang_max_cpap,deg,70,1.2217304763960306,Max overhang with aggressive cooling (CPAP). K3 with SLM XY can reliably hit 65–70°.,True
fdm_bridge_max,mm,60,6.0,Max bridge span on well-tuned FDM at 30–60 mm/s bridging speed. Highly material-dependent.,True
fdm_bridge_sag,mm,fdm_layer_height * 2,0.04000000000000001,Z compensation for bridge sag on long spans — raise ceiling by this amount.,True
magnet_6x2mm_od,mm,6.00,0.6000000000000001,6×2 mm N52 neodymium disc magnet OD. Very common for panel clips and small latches.,True
magnet_6x2mm_height,mm,2.00,0.2,6×2 mm magnet height.,True
magnet_6x3mm_od,mm,6.00,0.6000000000000001,6×3 mm disc magnet OD.,True
magnet_6x3mm_height,mm,3.00,0.30000000000000004,6×3 mm disc magnet height.,True
magnet_8x2mm_od,mm,8.00,0.8,"8×2 mm N52 disc magnet OD. Common for toolhead docking (Tap, Klicky, etc.).",True
magnet_8x2mm_height,mm,2.00,0.2,8×2 mm magnet height.,True
magnet_10x2mm_od,mm,10.00,1.0,10×2 mm N52 disc magnet OD. Common for enclosure door catches and panel latches.,True
magnet_10x2mm_height,mm,2.00,0.2,10×2 mm magnet height.,True
magnet_10x3mm_od,mm,10.00,1.0,10×3 mm disc magnet OD.,True
magnet_10x3mm_height,mm,3.00,0.30000000000000004,10×3 mm magnet height.,True
magnet_press_fit,mm,-0.10,-0.010000000000000002,Magnet pocket press-fit clearance per side. Model pocket SMALLER than magnet OD by this. Magnet will require a press — use a flat surface and tap gently.,True
magnet_glue_gap,mm,0.15,0.015,Magnet pocket clearance per side for CA/epoxy retention. Magnet drops in freely; adhesive fills the gap. Do not use press fit if gluing.,True
magnet_flush_recess,mm,0.20,0.020000000000000004,Recess magnet below surface by this amount so it doesn't protrude. Protruding magnets interfere with flush mating surfaces.,True
mgn7h_rail_width,mm,7.00,0.7000000000000001,MGN7H linear rail nominal width. Lightweight option for low-mass toolheads.,True
mgn9h_rail_width,mm,9.00,0.9,MGN9H rail nominal width.,True
mgn12h_rail_width,mm,12.00,1.2000000000000002,MGN12H rail nominal width. Standard on V-Core 3.1 AWD Y and Z.,True
mgn15h_rail_width,mm,15.00,1.5,MGN15H rail nominal width. Heavy-duty gantry / Z axes.,True
mgn12h_carriage_length,mm,45.00,4.5,MGN12H H-type carriage block length. Used for toolhead plate sizing and hole pattern layout.,True
mgn12h_pitch_along,mm,20.00,2.0,MGN12H carriage mounting hole pitch — along rail axis.,True
mgn12h_pitch_across,mm,20.00,2.0,MGN12H carriage mounting hole pitch — perpendicular to rail axis.,True
mgn9h_pitch_along,mm,15.00,1.5,MGN9H carriage mounting hole pitch along rail.,True
mgn9h_pitch_across,mm,10.00,1.0,MGN9H carriage mounting hole pitch across rail.,True
gt2_belt_pitch,mm,2.00,0.2,"GT2 / 3MGT belt tooth pitch. Standard for K3, V-Core, Voron.",True
gt2_belt_width,mm,6.00,0.6000000000000001,GT2 / 3MGT belt nominal width.,True
gt2_clamp_extra,mm,0.20,0.020000000000000004,Extra width in belt clamp slot for insertion and tensioning clearance.,True
gt2_pulley_16t_od,mm,11.00,1.1,GT2 16-tooth pulley OD (approximate). Verify per brand — varies ±0.3 mm.,True
gt2_pulley_20t_od,mm,13.00,1.3,GT2 20-tooth pulley OD (approximate). Most common idler/drive pulley size.,True
gt2_pulley_80t_od,mm,51.00,5.1000000000000005,GT2 80-tooth pulley OD. Used in some AWD / geared arrangements.,True
gt2_pulley_bore,mm,5.00,0.5,Standard GT2 pulley shaft bore — 5 mm. Add 0.05 mm clearance for FDM shaft receivers.,True
f695_bearing_od,mm,13.00,1.3,F695 flanged bearing OD — standard GT2 idler bearing in Voron/K3/V-Core.,True
f695_bearing_id,mm,5.00,0.5,F695 bearing ID — fits M5 shoulder bolt.,True
f695_bearing_width,mm,4.00,0.4,F695 bearing width.,True
nema17_body_width,mm,42.30,4.2299999999999995,NEMA17 motor body width (square). Standard across all NEMA17 motors.,True
nema17_bolt_pattern_center_to_center,mm,31.00,3.1,NEMA17 mounting bolt pattern — center to center (square pattern).,True
nema17_bolt_size,mm,3.00,0.30000000000000004,NEMA17 mounting bolt — M3. Model clearance holes at hole_geometry_m3_screw_clearance_diameter.,True
nema17_shaft_diameter,mm,5.00,0.5,NEMA17 output shaft diameter. Standard 5 mm.,True
nema17_shaft_flat_depth,mm,0.50,0.05,NEMA17 shaft D-flat depth. Used for set screw / grub screw engagement geometry.,True
nema17_shaft_length_standard,mm,20.00,2.0,"NEMA17 standard shaft length — 20 mm. Some variants: 22, 24 mm. Verify your specific motor.",True
nema17_face_boss_diameter,mm,22.00,2.2,NEMA17 front face centering boss diameter. Used for precision motor registration in mounts.,True
nema14_body_width,mm,35.20,3.5200000000000005,"NEMA14 motor body width — used in compact extruder motors (Orbiter, Sherpa Mini).",True
nema14_bolt_pattern_center_to_center,mm,26.00,2.6,NEMA14 mounting bolt pattern C-C.,True
nema14_shaft_diameter,mm,5.00,0.5,NEMA14 output shaft diameter.,True
vslot_2020_extrusion_width,mm,20.00,2.0,2020 V-slot extrusion nominal width.,True
vslot_2040_extrusion_width,mm,40.00,4.0,2040 extrusion nominal width.,True
tslot_m3_nut_slot_clearance_width,mm,5.70,0.5700000000000001,M3 T-slot nut / hammerhead sliding width in 2020 extrusion. ISO slot = 5.50 + 0.20 mm clearance.,True
beacon_probe_body_outer_diameter,mm,12.00,1.2000000000000002,Beacon eddy-current probe body OD. Used for mount bore and retention clip geometry.,True
beacon_probe_body_total_length,mm,20.50,2.0500000000000003,Beacon probe body total length. Verify against your Beacon revision.,True
orbiter_v25_motor_mount_bolt_pattern,mm,26.00,2.6,Orbiter v2.5 extruder mounting bolt pattern C-C (NEMA14 pattern).,True
orbiter_v25_filament_path_offset_from_mount,mm,15.00,1.5,Orbiter v2.5 filament centerline offset from mount face. Used for toolhead geometry validation.,True
chube_hotend_collet_outer_diameter,mm,12.00,1.2000000000000002,Chube Conduction hotend collet OD. Used for retention clip bore and mount pocket. Verify with your unit.,True
canbus_cable_chain_slot_width,mm,10.00,1.0,CAN bus toolhead umbilical cable chain slot minimum width. Accounts for cable bundle + connector bodies.,True
toolhead_plate_5mm,mm,5.00,0.5,V-Core toolhead carriage CNC plate thickness — 5 mm 6061-T6 as used in Wishbone toolhead architecture.,True
toolhead_plate_4mm,mm,4.00,0.4,K3 / secondary toolhead plate thickness — 4 mm 6061-T6.,True
cnc_plate_tolerance,mm,0.10,0.010000000000000002,Mill tolerance on 6061-T6 stock plate thickness — typically ±0.05–0.10 mm. Account for this in stack height calculations when combining printed and machined parts.,True
cnc_drilled_oversize,mm,0.05,0.005000000000000001,"Drilled hole tolerance in aluminum — typically +0.05/−0.00 mm. For precision fits, always ream to H7 class after drilling.",True
cnc_h7_ream_tol,mm,0.012,0.0012000000000000001,H7 reamed hole tolerance for a 5 mm hole — ±0.006 mm. Reference for press-fit dowel pins and bearing seats in 6061.,True
cnc_m2_tap_drill,mm,1.60,0.16000000000000003,M2×0.4 tap drill diameter in aluminum — ISO standard pre-tap hole for ~75% thread engagement.,True
cnc_m2p5_tap_drill,mm,2.05,0.205,M2.5×0.45 tap drill diameter in aluminum.,True
cnc_m3_tap_drill,mm,2.50,0.25,M3×0.5 tap drill diameter in aluminum — standard for all M3 tapped holes in 6061 toolhead plates.,True
cnc_m4_tap_drill,mm,3.30,0.33,M4×0.7 tap drill diameter in aluminum.,True
cnc_m5_tap_drill,mm,4.20,0.42000000000000004,M5×0.8 tap drill diameter in aluminum.,True
cnc_m6_tap_drill,mm,5.00,0.5,M6×1.0 tap drill diameter in aluminum.,True
cnc_thread_engage_min_ratio,,1.50,1.5,Minimum thread engagement length = bolt_diameter × this ratio. M3 in 4 mm plate = 4.0 mm engagement > 1.5× = OK. Below 1× risks strip-out under load.,True
cnc_thread_engage_rec_ratio,,2.00,2.0,Recommended thread engagement for structural joints = 2× bolt diameter. M3 structural: 6 mm minimum engagement.,True
cnc_min_wall_tap,mm,3.00,0.30000000000000004,Minimum material wall thickness surrounding a tapped hole in aluminum. Thinner risks thread pullout and wall blowout.,True
cnc_m3_csink_4mm,mm,1.70,0.17,Countersink depth for a flush M3 flat-head screw in a 4 mm plate. ISO M3 flat head height = 1.70 mm.,True
cnc_m3_csink_5mm,mm,1.70,0.17,Same countersink depth for 5 mm plate — flat head fully recessed with 3.30 mm of uncut material remaining.,True
cnc_pocket_depth_tol,mm,0.05,0.005000000000000001,Typical pocket depth tolerance achievable from most CNC services — ±0.05 mm. Tighter than this requires premium machining.,True
cnc_5mm_press_fit_pin,mm,4.994,0.4994,5 mm H7 press-fit dowel hole in 6061 — nominal 5.000 mm −0.006 mm = 4.994 mm lower bound. Requires reaming.,True
cnc_thermal_expansion,,0.080,0.08,6061-T6 linear thermal expansion coefficient — ~23.6 µm/m/°C ≈ 0.08 µm/mm/°C. Relevant for chamber-heated assemblies where aluminum and plastic expand at different rates.,True
cnc_em_6mm_dia,mm,6.00,0.6,6mm single-flute roughing endmill diameter. Primary roughing tool for Carvera Air aluminum work.,True
cnc_em_6mm_corner_r,mm,0.20,0.02,Corner radius on 6mm endmill — not truly sharp. Design internal corners with at least this radius.,True
cnc_em_3175_dia,mm,3.175,0.3175,1/8 inch single-flute finishing endmill diameter. Primary finishing tool.,True
cnc_em_3175_corner_r,mm,0.10,0.01,Corner radius on 1/8 inch endmill.,True
cnc_em_2mm_dia,mm,2.00,0.2,2mm ball endmill diameter. For filament half-bores and small radii.,True
cnc_min_internal_r,mm,1.60,0.16,Minimum internal corner radius for finish-machined pockets. Equals finishing endmill radius (3.175/2).,True
cnc_min_internal_r_rough,mm,3.10,0.31,Minimum internal corner radius for roughing-only pockets. Equals roughing endmill radius (6.0/2) + clearance.,True
cnc_max_doc,mm,3.00,0.3,Maximum axial depth of cut per pass in aluminum on Carvera Air 200W spindle.,True
cnc_max_stepover_pct,,50,50.0,Maximum radial stepover as percentage of tool diameter for roughing in aluminum.,True
cnc_stock_to_leave,mm,0.20,0.02,Radial stock-to-leave for finish passes. Removed by finishing endmill in a separate pass.,True
cnc_stock_to_leave_z,mm,0.10,0.01,Axial (floor) stock-to-leave for finish passes.,True
cnc_max_pocket_depth_ratio,,4,4.0,Maximum pocket depth as multiple of tool diameter. Beyond this deflection and chip evacuation degrade.,True
cnc_vise_grip_min,mm,5.00,0.5,Minimum material height below vise jaw tops for secure clamping. Less risks part pulling out.,True
cnc_tab_height,mm,0.50,0.05,Holding tab height for blank cutout contour operations.,True
cnc_tab_width,mm,3.00,0.3,Holding tab width along contour. Wide enough to resist cutting forces but easy to file off.,True
cnc_tab_count_min,,2,2.0,Minimum holding tabs per cutout contour. Use 3 for parts longer than 100mm.,True
cnc_blank_oversize,mm,4.00,0.4,Blank oversize per side beyond finished part envelope. Provides clamping and datum material.,True
cnc_datum_face_depth,mm,0.30,0.03,Facing depth to establish datum surface on raw stock. Removes mill marks and creates a flat reference.,True
cnc_work_area_x,mm,200,20.0,Carvera Air maximum X travel.,True
cnc_work_area_y,mm,150,15.0,Carvera Air maximum Y travel.,True
cnc_reprobe_tol,mm,0.02,0.002,Expected accuracy of Z re-probe after part flip. Budget this into through-feature meet-in-middle tolerances.,True
cnc_slip_fit,mm,0.025,0.0025,CNC slip fit clearance per side (H7/h6 class). Part slides freely with no perceptible play.,True
cnc_press_fit,mm,-0.012,-0.0012,CNC press fit interference per side (H7/p6 class). Requires arbor press. For dowel pins and bearing seats.,True
cnc_transition_fit,mm,0.005,0.0005,CNC transition fit (H7/k6 class). May or may not need light force to assemble.,True
cnc_surface_ra_rough,,3.2,3.2,Surface roughness Ra in micrometers achievable after roughing passes on Carvera Air.,True
cnc_surface_ra_finish,,1.6,1.6,Surface roughness Ra in micrometers after finishing passes.,True
cnc_surface_ra_face,,0.8,0.8,Surface roughness Ra in micrometers after face milling.,True
cnc_edge_break,mm,0.30,0.03,Standard edge break chamfer for deburring. Apply to all sharp external edges after machining.,True
cnc_thread_relief_dia,mm,0.50,0.05,Thread relief undercut — add this to tap drill diameter for the relief groove.,True
cnc_thread_relief_depth,mm,1.50,0.15,Thread relief undercut depth below last thread. 1.5-2x thread pitch.,True
alu_6061_service_max,,170,170.0,6061-T6 maximum continuous service temperature in degrees C before age-hardening degrades.,True
alu_6061_density,,2.70,2.7,6061-T6 density in g/cm3. For weight estimation.,True
pla_shrink,,0.30,0.3,PLA linear shrinkage — approximately 0.2–0.4%. Typically accounted for by printer calibration. Reference for large parts.,True
petg_shrink,,0.30,0.3,PETG linear shrinkage — approximately 0.2–0.4%. Very similar to PLA; well-behaved.,True
abs_shrink,,0.60,0.6,ABS linear shrinkage — approximately 0.4–0.8%. Significantly more than PLA/PETG; chamber heating helps consistency.,True
asa_shrink,,0.50,0.5,ASA linear shrinkage — similar to ABS but slightly less. Preferred over ABS for UV resistance in external parts.,True
abs_chamber_temp,,45,45.0,Minimum chamber temperature for reliable ABS/ASA inter-layer adhesion and warp resistance. 50–60°C is better for functional parts.,True
pc_chamber_temp,,70,70.0,Minimum chamber temperature for reliable PC (polycarbonate) layer bonding. PC requires aggressive chamber heating.,True
tpu_95a_hardness,,95,95.0,"TPU 95A shore hardness — firm but flexible. Good for gaskets, bump stops, and strain reliefs where some flex is needed.",True
tpu_85a_hardness,,85,85.0,"TPU 85A — softer, more compliant. Useful for cable boots, vibration isolation feet.",True
pla_tg,,55,55.0,PLA glass transition temperature in degrees C. Parts soften and warp above this. Not suitable near heat sources.,True
petg_tg,,80,80.0,PETG glass transition temperature. Moderate heat resistance — OK for automotive interior but not engine bay.,True
abs_tg,,105,105.0,ABS glass transition temperature. Good heat resistance with chamber printing.,True
asa_tg,,100,100.0,ASA glass transition temperature. Similar to ABS with UV resistance for outdoor use.,True
pla_tensile,,50,50.0,PLA ultimate tensile strength in MPa (reference). Strongest common FDM filament but brittle.,True
petg_tensile,,40,40.0,PETG ultimate tensile strength in MPa. More ductile than PLA — better impact resistance.,True
abs_tensile,,35,35.0,ABS ultimate tensile strength in MPa. Lower than PLA but much better impact and heat resistance.,True
fdm_6061_diff_expansion,,0.055,0.055,Differential thermal expansion between 6061-T6 aluminum and ABS/ASA per °C. Aluminum expands ~23.6 µm/m/°C; ABS ~90 µm/m/°C. Relevant for hybrid toolhead assemblies in heated chambers.,True
rpi4_mount_pitch_x,mm,58.00,5.800000000000001,Raspberry Pi 4 / Pi 5 mounting hole pitch — X axis (long side).,True
rpi4_mount_pitch_y,mm,49.00,4.9,Raspberry Pi 4 / Pi 5 mounting hole pitch — Y axis.,True
rpi_board_width,mm,56.00,5.6000000000000005,Raspberry Pi PCB width.,True
rpi_board_length,mm,85.00,8.5,Raspberry Pi PCB length.,True
octopus_mount_pitch_x,mm,109.00,10.9,BTT Octopus / Octopus Pro board mounting hole pitch — X.,True
octopus_mount_pitch_y,mm,81.50,8.15,BTT Octopus board mounting hole pitch — Y.,True
skr_mini_mount_pitch_x,mm,85.00,8.5,BTT SKR Mini E3 V3 mounting hole pitch — X. BabyBelt Pro mainboard.,True
skr_mini_mount_pitch_y,mm,55.00,5.5,BTT SKR Mini E3 V3 mounting hole pitch — Y.,True
pcb_edge_clearance,mm,2.00,0.2,Minimum clearance from PCB edge to enclosure wall — allows for component overhang and manufacturing tolerance.,True
din_rail_width,mm,35.00,3.5,TS35 top-hat DIN rail width (EN 60715; supersedes withdrawn EN 50022). Used for clip geometry in electrical panel and control box designs.,True
din_rail_clip_depth,mm,5.00,0.5,Typical DIN rail clip engagement depth for reliable snap-on retention.,True
jst_xh_2pin_width,mm,6.00,0.6000000000000001,JST-XH 2-pin connector body width. 2.54 mm pitch. Used for cutout and slot sizing in terminal blocks.,True
jst_xh_height,mm,7.00,0.7000000000000001,JST-XH connector body height.,True
usb_a_panel_width,mm,14.00,1.4000000000000001,Standard USB-A panel cutout width.,True
usb_a_panel_height,mm,7.00,0.7000000000000001,Standard USB-A panel cutout height.,True
usb_c_panel_width,mm,10.00,1.0,Standard USB-C panel cutout width.,True
usb_c_panel_height,mm,4.50,0.45,Standard USB-C panel cutout height.,True
xt30_panel_dia,mm,10.50,1.05,XT30 connector panel cutout hole diameter. Used on 48V toolhead and Doomcube power distribution.,True
xt60_panel_dia,mm,12.00,1.2000000000000002,XT60 connector panel cutout hole diameter.,True
wago221_body_width_2way,mm,11.00,1.1,WAGO 221-412 (2-conductor) lever nut body width. For printed mounting clips and wire management blocks.,True
wago221_body_height,mm,16.00,1.6,WAGO 221 lever nut body height.,True
wago221_body_depth,mm,14.00,1.4000000000000001,WAGO 221 lever nut body depth.,True
esp32_board_width,mm,28.00,2.8000000000000003,ESP32 DevKit V1 PCB width. Common ESPHome BLE proxy board.,True
esp32_board_length,mm,52.00,5.2,ESP32 DevKit V1 PCB length.,True
d1mini_board_width,mm,25.60,2.5600000000000005,Wemos D1 Mini board width.,True
d1mini_board_length,mm,34.20,3.4200000000000004,Wemos D1 Mini board length.,True
gang_box_internal_width,mm,33.30,3.33,Standard US single-gang electrical box internal width. Used for custom insert and bracket designs.,True
gang_box_internal_height,mm,44.45,4.445,Standard US single-gang electrical box internal height.,True
decora_cutout_width,mm,44.50,4.45,Decora / paddle-style faceplate cutout width. For custom switch plates and smart home inserts.,True
decora_cutout_height,mm,69.85,6.984999999999999,Decora faceplate cutout height.,True
conduit_half_inch_knockout_dia,mm,22.20,2.22,½ inch conduit knockout diameter in standard US electrical boxes.,True
conduit_three_quarter_inch_knockout_dia,mm,27.80,2.7800000000000002,¾ inch conduit knockout diameter.,True
sonoff_zbdongle_p_width,mm,20.00,2.0,Sonoff Zigbee Dongle Plus body width — for printed mount and bracket design.,True
sonoff_zbdongle_p_length,mm,75.00,7.5,Sonoff Zigbee Dongle Plus body length.,True
halfdart_body_outer_diameter,mm,13.00,1.3,Half-dart body outer diameter standard. Base reference for barrel and breech clearances.,True
halfdart_tip_outer_diameter,mm,13.00,1.3,Half-dart foam tip OD — approximately same as body for most half-dart designs.,True
halfdart_body_length,mm,36.00,3.6,Standard half-dart overall length.,True
fulldart_body_outer_diameter,mm,11.50,1.1500000000000001,Full-dart foam body OD — narrower than tip.,True
fulldart_tip_outer_diameter,mm,13.00,1.3,Full-dart foam tip OD.,True
fulldart_overall_length,mm,72.00,7.2,Standard full-dart overall length.,True
halfdart_barrel_performance,mm,13.20,1.32,Half-dart barrel bore for performance — tight for good seal and range. +0.20 mm over dart OD.,True
halfdart_barrel_slam_fire,mm,13.70,1.37,Half-dart barrel bore for slam-fire / rapid cycling — loose enough for reliable feeding under fast operation.,True
nerf_flywheel_gap_half_dart_standard,mm,9.00,0.9,Flywheel gap for half-dart at standard wheel OD. Tune 8.5–9.5 mm depending on wheel OD and dart compression preference.,True
nerf_flywheel_motor_can_worker_artifact_od,mm,22.10,2.2100000000000004,Worker / Artifact 130/180-size flywheel motor can OD — for motor cage bore sizing. Verify per motor brand.,True
nerf_spring_guide_rod_diameter_standard,mm,4.00,0.4,Standard spring guide rod diameter — 4 mm for most semi-auto plunger designs. 5 mm for high-draw builds.,True
nerf_plunger_id_19mm,mm,19.00,1.9000000000000001,Small plunger tube ID — 19 mm PVC / CPVC. Common in compact semi-auto designs.,True
nerf_plunger_id_25mm,mm,25.00,2.5,Large plunger tube ID — 25 mm PVC. Common in high-volume springers.,True
nerf_plunger_wall_thickness,mm,2.00,0.2,Standard PVC plunger tube wall thickness. Used for outer diameter calc: OD = ID + 2× wall.,True
wh_base_25mm_od,mm,25.00,2.5,25 mm round base OD — legacy infantry standard. Tight clearance slot: 25.30 mm.,True
wh_base_32mm_od,mm,32.00,3.2,32 mm round base OD — current infantry standard. Tight clearance slot: 32.30 mm.,True
wh_base_40mm_od,mm,40.00,4.0,"40 mm round base OD — heavy infantry, small cavalry, some vehicles.",True
wh_base_50mm_od,mm,50.00,5.0,"50 mm round base OD — large infantry, medium cavalry.",True
wh_base_60mm_od,mm,60.00,6.0,"60 mm round base OD — large monsters, heavy cavalry.",True
wh_base_slot_clearance,mm,0.30,0.03,FDM clearance to add to base OD for tray / rack slot — base drops in freely without binding.,True
wh_base_height,mm,3.00,0.30000000000000004,Standard Citadel round base height — approximately 3 mm. Verify with your base batch.,True
wh_flying_post_diameter,mm,3.00,0.30000000000000004,Standard GW flying base post rod diameter — 3 mm. Clearance hole in model: 3.20 mm.,True
wh_flying_post_clearance_hole,mm,3.20,0.32000000000000006,Flying base post clearance hole — 3 mm post + 0.20 mm FDM.,True
wh_magnet_6x2_pocket_id,mm,6.10,0.61,6×2 mm magnet pocket ID for base magnetization (transport tray use). Slight clearance for glue-in.,True
wh_magnet_6x2_pocket_depth,mm,2.10,0.21000000000000002,6×2 mm magnet pocket depth — 2.0 mm magnet + 0.10 mm for glue / flush margin.,True
wh_terrain_wall_thickness_minimum_rigid,mm,3.00,0.30000000000000004,Minimum FDM terrain wall thickness for rigid scatter terrain — thin terrain flexes and delaminates under play.,True
wh_terrain_wall_thickness_structural_building,mm,4.00,0.4,Recommended wall thickness for structural terrain buildings — 4 mm provides good rigidity at tabletop scale.,True
wh_kilteam_tile_standard_size,mm,200.00,20.0,Kill Team game board tile standard size — 200 × 200 mm. Used for modular terrain planning.,True
drill_1_64,mm,0.397,0.039700000000000006,"1/64"" drill bit = 0.397 mm exactly. Nearest stocked metric: 0.4 mm. Smallest common fractional bit. Pilot for #0-#1 screws, fine detail work.",True
drill_1_32,mm,0.794,0.07940000000000001,"1/32"" drill bit = 0.794 mm exactly. Nearest stocked metric: 0.8 mm. Pilot for #1-#2 screws in softwood.",True
drill_3_64,mm,1.191,0.11910000000000001,"3/64"" drill bit = 1.191 mm exactly. Nearest stocked metric: 1.2 mm. Pilot for #2-#3 screws in hardwood.",True
drill_1_16,mm,1.587,0.1587,"1/16"" drill bit = 1.587 mm exactly. Nearest stocked metric: 1.6 mm. Pilot for #2-#3 screws in softwood; #3-#4 in hardwood. Common starter size.",True
drill_5_64,mm,1.984,0.19840000000000002,"5/64"" drill bit = 1.984 mm exactly. Nearest stocked metric: 2.0 mm. Pilot for #4 screws in hardwood; #5 in softwood.",True
drill_3_32,mm,2.381,0.23810000000000003,"3/32"" drill bit = 2.381 mm exactly. Nearest stocked metric: 2.4 mm. Pilot for #4-#5 in softwood; #6 in hardwood. Very common size.",True
drill_7_64,mm,2.778,0.2778,"7/64"" drill bit = 2.778 mm exactly. Nearest stocked metric: 2.8 mm. Pilot for #6 in softwood; #8 in hardwood. Extremely common.",True
drill_1_8,mm,3.175,0.3175,"1/8"" drill bit = 3.175 mm exactly. Nearest stocked metric: 3.2 mm. Pilot for #8 in softwood; #10 in hardwood. Most-used general pilot bit.",True
drill_9_64,mm,3.572,0.3572,"9/64"" drill bit = 3.572 mm exactly. Nearest stocked metric: 3.6 mm. Pilot for #10 in hardwood; clearance for #6.",True
drill_5_32,mm,3.969,0.39690000000000003,"5/32"" drill bit = 3.969 mm exactly. Nearest stocked metric: 4.0 mm. Clearance for #8; pilot for #10-#12 in softwood.",True
drill_11_64,mm,4.366,0.4366,"11/64"" drill bit = 4.366 mm exactly. Nearest stocked metric: 4.4 mm. Pilot for #12 in hardwood.",True
drill_3_16,mm,4.762,0.47620000000000007,"3/16"" drill bit = 4.762 mm exactly. Nearest stocked metric: 4.8 mm. Clearance for #10; pilot for #14 in softwood; M4 clearance equivalent.",True
drill_13_64,mm,5.159,0.5159,"13/64"" drill bit = 5.159 mm exactly. Nearest stocked metric: 5.2 mm. Pilot for #14 in hardwood; lag bolt pilot (1/4in) in softwood.",True
drill_7_32,mm,5.556,0.5556,"7/32"" drill bit = 5.556 mm exactly. Nearest stocked metric: 5.6 mm. Clearance for #12; pilot for 1/4in lag bolt.",True
drill_15_64,mm,5.953,0.5953,"15/64"" drill bit = 5.953 mm exactly. Nearest stocked metric: 6.0 mm. Pilot for 1/4in lag bolt in hardwood.",True
drill_1_4,mm,6.35,0.635,"1/4"" drill bit = 6.35 mm exactly. Nearest stocked metric: 6.3 mm. Clearance for #14; pilot for 5/16in lag bolt. Dowel/rod reference.",True
drill_17_64,mm,6.747,0.6747000000000001,"17/64"" drill bit = 6.747 mm exactly. Nearest stocked metric: 6.7 mm. Standard fractional drill bit 17/64 inch.",True
drill_9_32,mm,7.144,0.7144,"9/32"" drill bit = 7.144 mm exactly. Nearest stocked metric: 7.1 mm. Pilot for 5/16in lag bolt; clearance for #16.",True
drill_19_64,mm,7.541,0.7541000000000001,"19/64"" drill bit = 7.541 mm exactly. Nearest stocked metric: 7.5 mm. Standard fractional drill bit 19/64 inch.",True
drill_5_16,mm,7.938,0.7938000000000001,"5/16"" drill bit = 7.938 mm exactly. Nearest stocked metric: 7.9 mm. Clearance for 1/4in bolts; pilot for 3/8in lag bolt.",True
drill_21_64,mm,8.334,0.8334,"21/64"" drill bit = 8.334 mm exactly. Nearest stocked metric: 8.3 mm. Standard fractional drill bit 21/64 inch.",True
drill_11_32,mm,8.731,0.8731,"11/32"" drill bit = 8.731 mm exactly. Nearest stocked metric: 8.7 mm. Standard fractional drill bit 11/32 inch.",True
drill_23_64,mm,9.128,0.9128000000000001,"23/64"" drill bit = 9.128 mm exactly. Nearest stocked metric: 9.1 mm. Standard fractional drill bit 23/64 inch.",True
drill_3_8,mm,9.525,0.9525000000000001,"3/8"" drill bit = 9.525 mm exactly. Nearest stocked metric: 9.5 mm. Clearance for 5/16in bolts; large anchor pilot holes.",True
drill_25_64,mm,9.922,0.9922000000000001,"25/64"" drill bit = 9.922 mm exactly. Nearest stocked metric: 9.9 mm. Standard fractional drill bit 25/64 inch.",True
drill_13_32,mm,10.319,1.0319,"13/32"" drill bit = 10.319 mm exactly. Nearest stocked metric: 10.3 mm. Standard fractional drill bit 13/32 inch.",True
drill_27_64,mm,10.716,1.0715999999999999,"27/64"" drill bit = 10.716 mm exactly. Nearest stocked metric: 10.7 mm. Standard fractional drill bit 27/64 inch.",True
drill_7_16,mm,11.112,1.1112,"7/16"" drill bit = 11.112 mm exactly. Nearest stocked metric: 11.1 mm. Clearance for 3/8in bolts.",True
drill_29_64,mm,11.509,1.1509,"29/64"" drill bit = 11.509 mm exactly. Nearest stocked metric: 11.5 mm. Standard fractional drill bit 29/64 inch.",True
drill_15_32,mm,11.906,1.1906,"15/32"" drill bit = 11.906 mm exactly. Nearest stocked metric: 11.9 mm. Standard fractional drill bit 15/32 inch.",True
drill_31_64,mm,12.303,1.2303000000000002,"31/64"" drill bit = 12.303 mm exactly. Nearest stocked metric: 12.3 mm. Standard fractional drill bit 31/64 inch.",True
drill_1_2,mm,12.7,1.27,"1/2"" drill bit = 12.7 mm exactly. Nearest stocked metric: 12.7 mm. Clearance for 7/16in bolts; lock/hinge mortise reference.",True
drill_33_64,mm,13.097,1.3097,"33/64"" drill bit = 13.097 mm exactly. Nearest stocked metric: 13.1 mm. Standard fractional drill bit 33/64 inch.",True
drill_17_32,mm,13.494,1.3494000000000002,"17/32"" drill bit = 13.494 mm exactly. Nearest stocked metric: 13.5 mm. Standard fractional drill bit 17/32 inch.",True
drill_35_64,mm,13.891,1.3891,"35/64"" drill bit = 13.891 mm exactly. Nearest stocked metric: 13.9 mm. Standard fractional drill bit 35/64 inch.",True
drill_9_16,mm,14.287,1.4287,"9/16"" drill bit = 14.287 mm exactly. Nearest stocked metric: 14.3 mm. Clearance for 1/2in bolts.",True
drill_37_64,mm,14.684,1.4684,"37/64"" drill bit = 14.684 mm exactly. Nearest stocked metric: 14.7 mm. Standard fractional drill bit 37/64 inch.",True
drill_19_32,mm,15.081,1.5081,"19/32"" drill bit = 15.081 mm exactly. Nearest stocked metric: 15.1 mm. Standard fractional drill bit 19/32 inch.",True
drill_39_64,mm,15.478,1.5478,"39/64"" drill bit = 15.478 mm exactly. Nearest stocked metric: 15.5 mm. Standard fractional drill bit 39/64 inch.",True
drill_5_8,mm,15.875,1.5875000000000001,"5/8"" drill bit = 15.875 mm exactly. Nearest stocked metric: 15.9 mm. Large anchor and clearance work.",True
drill_41_64,mm,16.272,1.6272,"41/64"" drill bit = 16.272 mm exactly. Nearest stocked metric: 16.3 mm. Standard fractional drill bit 41/64 inch.",True
drill_21_32,mm,16.669,1.6669,"21/32"" drill bit = 16.669 mm exactly. Nearest stocked metric: 16.7 mm. Standard fractional drill bit 21/32 inch.",True
drill_43_64,mm,17.066,1.7066,"43/64"" drill bit = 17.066 mm exactly. Nearest stocked metric: 17.1 mm. Standard fractional drill bit 43/64 inch.",True
drill_11_16,mm,17.462,1.7462,"11/16"" drill bit = 17.462 mm exactly. Nearest stocked metric: 17.5 mm. Clearance for 5/8in bolts.",True
drill_45_64,mm,17.859,1.7859000000000003,"45/64"" drill bit = 17.859 mm exactly. Nearest stocked metric: 17.9 mm. Standard fractional drill bit 45/64 inch.",True
drill_23_32,mm,18.256,1.8256000000000001,"23/32"" drill bit = 18.256 mm exactly. Nearest stocked metric: 18.3 mm. Standard fractional drill bit 23/32 inch.",True
drill_47_64,mm,18.653,1.8653,"47/64"" drill bit = 18.653 mm exactly. Nearest stocked metric: 18.7 mm. Standard fractional drill bit 47/64 inch.",True
drill_3_4,mm,19.05,1.9050000000000002,"3/4"" drill bit = 19.05 mm exactly. Nearest stocked metric: 19.0 mm. Large clearance and boring work; common Forstner reference.",True
drill_49_64,mm,19.447,1.9447,"49/64"" drill bit = 19.447 mm exactly. Nearest stocked metric: 19.4 mm. Standard fractional drill bit 49/64 inch.",True
drill_25_32,mm,19.844,1.9844000000000002,"25/32"" drill bit = 19.844 mm exactly. Nearest stocked metric: 19.8 mm. Standard fractional drill bit 25/32 inch.",True
drill_51_64,mm,20.241,2.0241000000000002,"51/64"" drill bit = 20.241 mm exactly. Nearest stocked metric: 20.2 mm. Standard fractional drill bit 51/64 inch.",True
drill_13_16,mm,20.637,2.0637000000000003,"13/16"" drill bit = 20.637 mm exactly. Nearest stocked metric: 20.6 mm. Standard fractional drill bit 13/16 inch.",True
drill_53_64,mm,21.034,2.1034,"53/64"" drill bit = 21.034 mm exactly. Nearest stocked metric: 21.0 mm. Standard fractional drill bit 53/64 inch.",True
drill_27_32,mm,21.431,2.1431,"27/32"" drill bit = 21.431 mm exactly. Nearest stocked metric: 21.4 mm. Standard fractional drill bit 27/32 inch.",True
drill_55_64,mm,21.828,2.1828,"55/64"" drill bit = 21.828 mm exactly. Nearest stocked metric: 21.8 mm. Standard fractional drill bit 55/64 inch.",True
drill_7_8,mm,22.225,2.2225,"7/8"" drill bit = 22.225 mm exactly. Nearest stocked metric: 22.2 mm. Large boring; clearance for 3/4in bolts.",True
drill_57_64,mm,22.622,2.2622,"57/64"" drill bit = 22.622 mm exactly. Nearest stocked metric: 22.6 mm. Standard fractional drill bit 57/64 inch.",True
drill_29_32,mm,23.019,2.3019,"29/32"" drill bit = 23.019 mm exactly. Nearest stocked metric: 23.0 mm. Standard fractional drill bit 29/32 inch.",True
drill_59_64,mm,23.416,2.3416,"59/64"" drill bit = 23.416 mm exactly. Nearest stocked metric: 23.4 mm. Standard fractional drill bit 59/64 inch.",True
drill_15_16,mm,23.812,2.3812,"15/16"" drill bit = 23.812 mm exactly. Nearest stocked metric: 23.8 mm. Standard fractional drill bit 15/16 inch.",True
drill_61_64,mm,24.209,2.4209,"61/64"" drill bit = 24.209 mm exactly. Nearest stocked metric: 24.2 mm. Standard fractional drill bit 61/64 inch.",True
drill_31_32,mm,24.606,2.4606000000000003,"31/32"" drill bit = 24.606 mm exactly. Nearest stocked metric: 24.6 mm. Standard fractional drill bit 31/32 inch.",True
drill_63_64,mm,25.003,2.5003,"63/64"" drill bit = 25.003 mm exactly. Nearest stocked metric: 25.0 mm. Standard fractional drill bit 63/64 inch.",True
drill_1,mm,25.4,2.54,"1/1"" drill bit = 25.4 mm exactly. Nearest stocked metric: 25.4 mm. Full 1 inch — large boring, lock cylinders, pipe holes.",True
ws0_major_dia,mm,1.52,0.15200000000000002,"#0 wood screw major thread diameter (ASME B18.6.1). Formula: 0.060 + (0×0.013) = 0.06"". Tiny - electronics, fine woodwork.",True
ws0_pilot_soft,mm,1.2,0.12,"#0 pilot hole in softwood (pine, fir, cedar, spruce) — ~75% of major dia. Tiny - electronics, fine woodwork.",True
ws0_pilot_hard,mm,1.4,0.13999999999999999,"#0 pilot hole in hardwood (oak, maple, walnut, cherry) — ~85% of major dia. Always drill hardwood regardless of gauge. Tiny - electronics, fine woodwork.",True
ws0_clearance,mm,1.8,0.18000000000000002,#0 clearance through-hole in top board — allows shank to pass freely so screw pulls pieces together. Major dia + 0.2-0.4 mm.,True
ws1_major_dia,mm,1.85,0.18500000000000003,"#1 wood screw major thread diameter (ASME B18.6.1). Formula: 0.060 + (1×0.013) = 0.073"". Jewelry boxes, small hinges.",True
ws1_pilot_soft,mm,1.4,0.13999999999999999,"#1 pilot hole in softwood (pine, fir, cedar, spruce) — ~75% of major dia. Jewelry boxes, small hinges.",True
ws1_pilot_hard,mm,1.6,0.16000000000000003,"#1 pilot hole in hardwood (oak, maple, walnut, cherry) — ~85% of major dia. Always drill hardwood regardless of gauge. Jewelry boxes, small hinges.",True
ws1_clearance,mm,2.1,0.21000000000000002,#1 clearance through-hole in top board — allows shank to pass freely so screw pulls pieces together. Major dia + 0.2-0.4 mm.,True
ws2_major_dia,mm,2.18,0.21800000000000003,"#2 wood screw major thread diameter (ASME B18.6.1). Formula: 0.060 + (2×0.013) = 0.086"". Cabinet hardware, thin stock. TPI=32.",True
ws2_pilot_soft,mm,1.5,0.15000000000000002,"#2 pilot hole in softwood (pine, fir, cedar, spruce) — ~75% of major dia. Cabinet hardware, thin stock.",True
ws2_pilot_hard,mm,1.8,0.18000000000000002,"#2 pilot hole in hardwood (oak, maple, walnut, cherry) — ~85% of major dia. Always drill hardwood regardless of gauge. Cabinet hardware, thin stock.",True
ws2_clearance,mm,2.4,0.24,#2 clearance through-hole in top board — allows shank to pass freely so screw pulls pieces together. Major dia + 0.2-0.4 mm.,True
ws2_csink_dia,mm,6.4,0.6400000000000001,#2 flat-head countersink top diameter. US/imperial angle = 82° (NOT 90° — that is metric ISO standard).,True
ws3_major_dia,mm,2.51,0.251,"#3 wood screw major thread diameter (ASME B18.6.1). Formula: 0.060 + (3×0.013) = 0.099"". Light joinery. TPI=28.",True
ws3_pilot_soft,mm,1.6,0.16000000000000003,"#3 pilot hole in softwood (pine, fir, cedar, spruce) — ~75% of major dia. Light joinery.",True
ws3_pilot_hard,mm,2.0,0.2,"#3 pilot hole in hardwood (oak, maple, walnut, cherry) — ~85% of major dia. Always drill hardwood regardless of gauge. Light joinery.",True
ws3_clearance,mm,2.7,0.27,#3 clearance through-hole in top board — allows shank to pass freely so screw pulls pieces together. Major dia + 0.2-0.4 mm.,True
ws3_csink_dia,mm,6.4,0.6400000000000001,#3 flat-head countersink top diameter. US/imperial angle = 82° (NOT 90° — that is metric ISO standard).,True
ws4_major_dia,mm,2.84,0.284,"#4 wood screw major thread diameter (ASME B18.6.1). Formula: 0.060 + (4×0.013) = 0.112"". Small hinges, cabinet doors, thin plywood. TPI=24.",True
ws4_pilot_soft,mm,1.8,0.18000000000000002,"#4 pilot hole in softwood (pine, fir, cedar, spruce) — ~75% of major dia. Small hinges, cabinet doors, thin plywood.",True
ws4_pilot_hard,mm,2.2,0.22000000000000003,"#4 pilot hole in hardwood (oak, maple, walnut, cherry) — ~85% of major dia. Always drill hardwood regardless of gauge. Small hinges, cabinet doors, thin plywood.",True
ws4_clearance,mm,3.0,0.30000000000000004,#4 clearance through-hole in top board — allows shank to pass freely so screw pulls pieces together. Major dia + 0.2-0.4 mm.,True
ws4_csink_dia,mm,6.4,0.6400000000000001,#4 flat-head countersink top diameter. US/imperial angle = 82° (NOT 90° — that is metric ISO standard).,True
ws5_major_dia,mm,3.17,0.317,"#5 wood screw major thread diameter (ASME B18.6.1). Formula: 0.060 + (5×0.013) = 0.125"". Light woodwork. TPI=20.",True
ws5_pilot_soft,mm,2.0,0.2,"#5 pilot hole in softwood (pine, fir, cedar, spruce) — ~75% of major dia. Light woodwork.",True
ws5_pilot_hard,mm,2.4,0.24,"#5 pilot hole in hardwood (oak, maple, walnut, cherry) — ~85% of major dia. Always drill hardwood regardless of gauge. Light woodwork.",True
ws5_clearance,mm,3.4,0.34,#5 clearance through-hole in top board — allows shank to pass freely so screw pulls pieces together. Major dia + 0.2-0.4 mm.,True
ws5_csink_dia,mm,7.1,0.71,#5 flat-head countersink top diameter. US/imperial angle = 82° (NOT 90° — that is metric ISO standard).,True
ws6_major_dia,mm,3.51,0.351,"#6 wood screw major thread diameter (ASME B18.6.1). Formula: 0.060 + (6×0.013) = 0.138"". Face frames, drawer boxes, cabinetry - common. TPI=18.",True
ws6_pilot_soft,mm,2.2,0.22000000000000003,"#6 pilot hole in softwood (pine, fir, cedar, spruce) — ~75% of major dia. Face frames, drawer boxes, cabinetry - common.",True
ws6_pilot_hard,mm,2.8,0.27999999999999997,"#6 pilot hole in hardwood (oak, maple, walnut, cherry) — ~85% of major dia. Always drill hardwood regardless of gauge. Face frames, drawer boxes, cabinetry - common.",True
ws6_clearance,mm,3.6,0.36000000000000004,#6 clearance through-hole in top board — allows shank to pass freely so screw pulls pieces together. Major dia + 0.2-0.4 mm.,True
ws6_csink_dia,mm,7.1,0.71,#6 flat-head countersink top diameter. US/imperial angle = 82° (NOT 90° — that is metric ISO standard).,True
ws7_major_dia,mm,3.84,0.384,"#7 wood screw major thread diameter (ASME B18.6.1). Formula: 0.060 + (7×0.013) = 0.151"". Medium joinery. TPI=16.",True
ws7_pilot_soft,mm,2.4,0.24,"#7 pilot hole in softwood (pine, fir, cedar, spruce) — ~75% of major dia. Medium joinery.",True
ws7_pilot_hard,mm,3.0,0.30000000000000004,"#7 pilot hole in hardwood (oak, maple, walnut, cherry) — ~85% of major dia. Always drill hardwood regardless of gauge. Medium joinery.",True
ws7_clearance,mm,4.0,0.4,#7 clearance through-hole in top board — allows shank to pass freely so screw pulls pieces together. Major dia + 0.2-0.4 mm.,True
ws7_csink_dia,mm,8.7,0.87,#7 flat-head countersink top diameter. US/imperial angle = 82° (NOT 90° — that is metric ISO standard).,True
ws8_major_dia,mm,4.17,0.41700000000000004,"#8 wood screw major thread diameter (ASME B18.6.1). Formula: 0.060 + (8×0.013) = 0.164"". MOST COMMON - furniture, general woodwork, shelving. TPI=15.",True
ws8_pilot_soft,mm,2.8,0.27999999999999997,"#8 pilot hole in softwood (pine, fir, cedar, spruce) — ~75% of major dia. MOST COMMON - furniture, general woodwork, shelving.",True
ws8_pilot_hard,mm,3.2,0.32000000000000006,"#8 pilot hole in hardwood (oak, maple, walnut, cherry) — ~85% of major dia. Always drill hardwood regardless of gauge. MOST COMMON - furniture, general woodwork, shelving.",True
ws8_clearance,mm,4.4,0.44000000000000006,#8 clearance through-hole in top board — allows shank to pass freely so screw pulls pieces together. Major dia + 0.2-0.4 mm.,True
ws8_csink_dia,mm,8.7,0.87,#8 flat-head countersink top diameter. US/imperial angle = 82° (NOT 90° — that is metric ISO standard).,True
ws9_major_dia,mm,4.5,0.45,"#9 wood screw major thread diameter (ASME B18.6.1). Formula: 0.060 + (9×0.013) = 0.177"". Heavy furniture. TPI=14.",True
ws9_pilot_soft,mm,3.0,0.30000000000000004,"#9 pilot hole in softwood (pine, fir, cedar, spruce) — ~75% of major dia. Heavy furniture.",True
ws9_pilot_hard,mm,3.4,0.34,"#9 pilot hole in hardwood (oak, maple, walnut, cherry) — ~85% of major dia. Always drill hardwood regardless of gauge. Heavy furniture.",True
ws9_clearance,mm,4.8,0.48,#9 clearance through-hole in top board — allows shank to pass freely so screw pulls pieces together. Major dia + 0.2-0.4 mm.,True
ws9_csink_dia,mm,9.5,0.9500000000000001,#9 flat-head countersink top diameter. US/imperial angle = 82° (NOT 90° — that is metric ISO standard).,True
ws10_major_dia,mm,4.83,0.48300000000000004,"#10 wood screw major thread diameter (ASME B18.6.1). Formula: 0.060 + (10×0.013) = 0.19"". Structural, decking, outdoor joinery - very common. TPI=13.",True
ws10_pilot_soft,mm,3.2,0.32000000000000006,"#10 pilot hole in softwood (pine, fir, cedar, spruce) — ~75% of major dia. Structural, decking, outdoor joinery - very common.",True
ws10_pilot_hard,mm,3.6,0.36000000000000004,"#10 pilot hole in hardwood (oak, maple, walnut, cherry) — ~85% of major dia. Always drill hardwood regardless of gauge. Structural, decking, outdoor joinery - very common.",True
ws10_clearance,mm,5.2,0.52,#10 clearance through-hole in top board — allows shank to pass freely so screw pulls pieces together. Major dia + 0.2-0.4 mm.,True
ws10_csink_dia,mm,11.1,1.11,#10 flat-head countersink top diameter. US/imperial angle = 82° (NOT 90° — that is metric ISO standard).,True
ws11_major_dia,mm,5.16,0.516,"#11 wood screw major thread diameter (ASME B18.6.1). Formula: 0.060 + (11×0.013) = 0.203"". Heavy structural. TPI=12.",True
ws11_pilot_soft,mm,3.4,0.34,"#11 pilot hole in softwood (pine, fir, cedar, spruce) — ~75% of major dia. Heavy structural.",True
ws11_pilot_hard,mm,4.0,0.4,"#11 pilot hole in hardwood (oak, maple, walnut, cherry) — ~85% of major dia. Always drill hardwood regardless of gauge. Heavy structural.",True
ws11_clearance,mm,5.5,0.55,#11 clearance through-hole in top board — allows shank to pass freely so screw pulls pieces together. Major dia + 0.2-0.4 mm.,True
ws11_csink_dia,mm,11.1,1.11,#11 flat-head countersink top diameter. US/imperial angle = 82° (NOT 90° — that is metric ISO standard).,True
ws12_major_dia,mm,5.49,0.549,"#12 wood screw major thread diameter (ASME B18.6.1). Formula: 0.060 + (12×0.013) = 0.216"". Heavy construction, door hanging. TPI=11.",True
ws12_pilot_soft,mm,3.6,0.36000000000000004,"#12 pilot hole in softwood (pine, fir, cedar, spruce) — ~75% of major dia. Heavy construction, door hanging.",True
ws12_pilot_hard,mm,4.4,0.44000000000000006,"#12 pilot hole in hardwood (oak, maple, walnut, cherry) — ~85% of major dia. Always drill hardwood regardless of gauge. Heavy construction, door hanging.",True
ws12_clearance,mm,5.8,0.58,#12 clearance through-hole in top board — allows shank to pass freely so screw pulls pieces together. Major dia + 0.2-0.4 mm.,True
ws12_csink_dia,mm,12.7,1.27,#12 flat-head countersink top diameter. US/imperial angle = 82° (NOT 90° — that is metric ISO standard).,True
ws14_major_dia,mm,6.15,0.6150000000000001,"#14 wood screw major thread diameter (ASME B18.6.1). Formula: 0.060 + (14×0.013) = 0.242"". Heavy framing, solid-core doors. TPI=10.",True
ws14_pilot_soft,mm,4.4,0.44000000000000006,"#14 pilot hole in softwood (pine, fir, cedar, spruce) — ~75% of major dia. Heavy framing, solid-core doors.",True
ws14_pilot_hard,mm,5.0,0.5,"#14 pilot hole in hardwood (oak, maple, walnut, cherry) — ~85% of major dia. Always drill hardwood regardless of gauge. Heavy framing, solid-core doors.",True
ws14_clearance,mm,6.6,0.66,#14 clearance through-hole in top board — allows shank to pass freely so screw pulls pieces together. Major dia + 0.2-0.4 mm.,True
ws14_csink_dia,mm,14.3,1.4300000000000002,#14 flat-head countersink top diameter. US/imperial angle = 82° (NOT 90° — that is metric ISO standard).,True
ws16_major_dia,mm,6.81,0.681,"#16 wood screw major thread diameter (ASME B18.6.1). Formula: 0.060 + (16×0.013) = 0.268"". Timber framing. TPI=9.",True
ws16_pilot_soft,mm,5.0,0.5,"#16 pilot hole in softwood (pine, fir, cedar, spruce) — ~75% of major dia. Timber framing.",True
ws16_pilot_hard,mm,5.6,0.5599999999999999,"#16 pilot hole in hardwood (oak, maple, walnut, cherry) — ~85% of major dia. Always drill hardwood regardless of gauge. Timber framing.",True
ws16_clearance,mm,7.2,0.7200000000000001,#16 clearance through-hole in top board — allows shank to pass freely so screw pulls pieces together. Major dia + 0.2-0.4 mm.,True
ws18_major_dia,mm,7.47,0.747,"#18 wood screw major thread diameter (ASME B18.6.1). Formula: 0.060 + (18×0.013) = 0.294"". Heavy timber. TPI=8.",True
ws18_pilot_soft,mm,5.4,0.54,"#18 pilot hole in softwood (pine, fir, cedar, spruce) — ~75% of major dia. Heavy timber.",True
ws18_pilot_hard,mm,6.0,0.6000000000000001,"#18 pilot hole in hardwood (oak, maple, walnut, cherry) — ~85% of major dia. Always drill hardwood regardless of gauge. Heavy timber.",True
ws18_clearance,mm,7.7,0.77,#18 clearance through-hole in top board — allows shank to pass freely so screw pulls pieces together. Major dia + 0.2-0.4 mm.,True
ws20_major_dia,mm,8.13,0.8130000000000002,"#20 wood screw major thread diameter (ASME B18.6.1). Formula: 0.060 + (20×0.013) = 0.32"". Structural timber. TPI=8.",True
ws20_pilot_soft,mm,5.8,0.58,"#20 pilot hole in softwood (pine, fir, cedar, spruce) — ~75% of major dia. Structural timber.",True
ws20_pilot_hard,mm,6.4,0.6400000000000001,"#20 pilot hole in hardwood (oak, maple, walnut, cherry) — ~85% of major dia. Always drill hardwood regardless of gauge. Structural timber.",True
ws20_clearance,mm,8.3,0.8300000000000001,#20 clearance through-hole in top board — allows shank to pass freely so screw pulls pieces together. Major dia + 0.2-0.4 mm.,True
pip_sphere_clearance,mm,0.30,0.03,Radial gap between captive sphere and socket for print-in-place FDM. Must exceed layer height to prevent fusion. Tested on 0.20 mm layers — reduce to 0.25 for 0.12 mm layers.,True
pip_sphere_min_dia,mm,8.00,0.8,Minimum sphere diameter for reliable print-in-place captive joints. Below this the bridge spans become too short for clean FDM.,True
pip_hinge_clearance,mm,0.25,0.025,Radial clearance for print-in-place living hinge pins. Tighter than captive sphere since rotation axis is fixed.,True
bayonet_rotation_angle,deg,40,0.6981317007977318,Rotation angle to lock/unlock. Must be less than (360/tab_count - entry_slot_angle) to avoid tab running into next entry slot.,True
bayonet_tab_height,mm,2.00,0.2,Radial height of each locking tab (how far it protrudes into the channel). Determines pull-off resistance.,True
bayonet_channel_depth,mm,2.20,0.22000000000000003,Depth of rotation channel in mating part. Tab height + clearance for smooth rotation.,True
bayonet_entry_slot_width,deg,15,0.2617993877991494,Angular width of entry slot where tab drops in before rotating to lock. Must be wide enough for easy alignment.,True
bayonet_ramp_angle,deg,5,0.08726646259971647,"Optional ramp angle at channel end — creates a detent that resists accidental unlocking. 0 = no detent, 5 = light snap, 10 = firm.",True
bayonet_engagement_depth,mm,4.00,0.4,How far the lid collar overlaps the container body. Deeper = more stable but harder to print overhangs internally.,True
bayonet_clearance_radial,mm,0.15,0.015,Radial clearance between lid inner wall and container outer wall. Uses sliding fit class.,True
dovetail_angle,deg,60,1.0471975511965976,Dovetail half-angle (from vertical). 60° is standard for FDM — provides retention without excessive overhang. 45° also printable but weaker lock.,True
dovetail_base_width,mm,6.00,0.6000000000000001,Width at narrow end (base) of dovetail tail. Scale up for larger load-bearing joints.,True
dovetail_top_width,mm,8.00,0.8,Width at wide end (top) of dovetail tail. Difference from base determines lock strength.,True
dovetail_depth,mm,4.00,0.4,Depth of dovetail slot/rail. Deeper = stronger retention but more material.,True
dovetail_clearance,mm,0.12,0.012,Per-surface clearance for sliding dovetail fit in FDM. Tighter than general sliding fit because dovetails self-align.,True
dovetail_chamfer,mm,0.50,0.05,Lead-in chamfer at dovetail entry to ease assembly. Applied to both rail and slot.,True
spring_clip_thick,mm,1.60,0.16000000000000003,Flexure arm thickness for FDM spring clips (PLA). Thinner = more flex but weaker. 1.6 mm gives ~2 mm deflection before yield at 40 mm arm length.,True
spring_clip_width,mm,6.00,0.6000000000000001,Width of spring clip arm. Wider = stiffer (scales linearly with width).,True
spring_clip_max_flex,mm,2.00,0.2,Maximum safe deflection for PLA spring clip arms at 1.6 mm thickness × 40 mm length. Beyond this risks permanent deformation.,True
spring_clip_hook_depth,mm,1.50,0.15000000000000002,How far the hook protrudes past the mating surface. Must be less than max deflection for the arm to flex over it.,True
container_wall,mm,2.50,0.25,"Minimum wall thickness for food-adjacent containers (treats, dry goods). Provides structural rigidity and prevents permeation. Not FDA-rated — for dry pet treats only.",True
container_base,mm,2.00,0.2,Base/floor thickness for general containers. Thicker than walls because bottom bears load and is the first layer group.,True
container_corner_r,mm,3.00,0.30000000000000004,Minimum corner radius for rounded-rectangle containers. Smaller radii create stress concentrations and thin-wall issues in FDM.,True
container_rim_width,mm,1.50,0.15000000000000002,Width of the sealing rim/lip on container lids. Provides contact area for dust seal without excessive material.,True
fdm_living_hinge_thick,mm,0.80,0.08,Single-layer living hinge thickness. Two layers at 0.4mm nozzle. Prints flat then folds along hinge line.,True
fdm_living_hinge_width,mm,10.00,1.0,Minimum width for reliable FDM living hinge. Narrower hinges concentrate stress and crack.,True
fdm_living_hinge_radius,mm,3.00,0.3,Minimum bend radius for FDM living hinge. Tighter radii crack on first fold in PLA.,True
fdm_text_min_height,mm,6.00,0.6,Minimum embossed or debossed text height for legibility at 0.4mm nozzle. Smaller text loses detail.,True
fdm_text_depth,mm,0.60,0.06,Deboss depth or emboss height for text features. Three layers at 0.20mm layer height.,True
fdm_rib_thickness,mm,0.90,0.09,Reinforcement rib thickness. Matches fdm_wall_minimum for consistent perimeter fill.,True
fdm_rib_height_max,mm,9.00,0.9,Maximum rib height before deflection issues. Approximately 10x rib thickness.,True
fdm_draft_angle,deg,1.5,0.026179938779914945,Minimum draft angle for FDM mold-style features and vertical snap-fit guides.,True
asm_fdm_to_cnc_clearance,mm,0.20,0.02,Interface clearance between FDM and CNC mating surfaces. Accounts for FDM dimensional variation against precision aluminum.,True
asm_fdm_to_fdm_clearance,mm,0.30,0.03,Interface clearance between two FDM mating surfaces. Both parts have FDM tolerances.,True
asm_cnc_to_cnc_clearance,mm,0.05,0.005,Interface clearance between two CNC mating surfaces. Both parts are precision machined.,True
asm_stackup_budget_fdm,mm,0.15,0.015,Per-part tolerance budget for FDM parts in a tolerance stack. Multiply by number of FDM parts in chain.,True
asm_stackup_budget_cnc,mm,0.05,0.005,Per-part tolerance budget for CNC parts in a tolerance stack. Multiply by number of CNC parts in chain.,True
snapfit_beam_length,mm,20.00,2.0,Cantilever beam length from root to hook tip. 20 mm gives safe deflection at 1.2% root strain in PLA. Shorter = stiffer = higher insertion force.,False
snapfit_beam_thick,mm,1.60,0.16000000000000003,Beam thickness (bending axis). At 20 mm length allows ~1.5 mm deflection before yield in PLA. Integer multiple of fdm_line_width for clean wall fill.,False
snapfit_beam_width,mm,6.00,0.6000000000000001,Beam width — stiffness scales linearly. 6 mm provides sufficient hook contact area. Minimum 4x fdm_line_width.,False
snapfit_hook_depth,mm,1.20,0.12,Hook undercut depth — how far hook protrudes past mating lip. Must be less than max safe deflection (1.5 mm at 20 mm beam). Deeper = stronger retention.,False
snapfit_entry_angle,deg,30,0.5235987755982988,Insertion ramp angle from beam axis. 30 deg = moderate insertion force. Steeper = easier entry but shallower hook. Must be < fdm_overhang_max.,False
snapfit_retention_angle,deg,80,1.3962634015954636,Retention face angle from beam axis. 80 deg = strong pull-out resistance. 90 deg = permanent snap (destructive removal only).,False
snapfit_clearance,mm,fdm_sliding_fit,0.015,Gap between beam sides and guide channel walls. References sliding fit for smooth deflection travel.,False
snapfit_root_fillet,mm,1.50,0.15000000000000002,Fillet radius at beam root to prevent stress concentration and delamination. Critical for fatigue life — minimum 1x beam thickness.,False
snaplatch_arm_length,mm,12.00,1.2,Latch arm length from pivot to hook tip. Shorter than snapfit because latch arms are wider and stiffer. 12 mm balances finger accessibility with stiffness.,False
snaplatch_arm_thick,mm,1.80,0.18,Arm thickness. Slightly thicker than snapfit for durability under repeated cycling. 4x fdm_line_width = clean perimeter fill.,False
snaplatch_arm_width,mm,8.00,0.8,Arm width. Wider than snapfit for better grip surface and lateral stability. User must be able to pinch and lift the latch.,False
snaplatch_hook_depth,mm,1.00,0.1,How far latch hook engages behind mating lip. 1 mm provides positive click-shut feel without requiring tools to open.,False
snaplatch_lip_thick,mm,2.00,0.2,Thickness of mating lip on container body that latch catches behind. Must survive repeated latch impact without cracking. Minimum fdm_wall_structural.,False
snaplatch_lift_tab_height,mm,3.00,0.30000000000000004,Height of finger lift tab extending past hook. User must get a fingernail under this to release. Minimum 2.5 mm for usability.,False
snaplatch_clearance,mm,fdm_sliding_fit,0.015,Clearance between latch arm and guide slot walls. References fdm_sliding_fit.,False
detent_ball_dia,mm,4.00,0.4,Steel ball bearing diameter. 4 mm is widely available and large enough for positive tactile click. 3 mm also common — scale bore accordingly.,False
detent_bore_dia,mm,4.20,0.42,Bore that retains the ball. Ball must not fall through — bore is ball_dia + 2x fdm_hole_shrink. Lip retains ball at equator.,False
detent_bore_depth,mm,6.00,0.6000000000000001,Depth of ball bore behind mating surface. Accommodates ball + spring or flexure. 1.5x ball diameter minimum.,False
detent_dimple_dia,mm,3.00,0.30000000000000004,Diameter of mating detent dimple (cone/sphere indent). Smaller than ball so ball seats positively. 75% of ball dia is standard.,False
detent_dimple_depth,mm,0.80,0.08,Depth of dimple indent. Controls retention force — deeper = stronger click but harder to pop out. 0.8 mm gives moderate detent feel with 4 mm ball.,False
detent_spring_thick,mm,1.20,0.12,Thickness of printed leaf spring behind ball (if using printed flexure instead of metal spring). Thinner = lighter detent click.,False
detent_spring_length,mm,10.00,1.0,Free length of printed leaf spring. Longer = softer spring rate = lighter click. At 1.2 mm thick and 10 mm long PLA gives ~2-4 N preload.,False
quarterturn_stud_dia,mm,8.00,0.8,Stud shaft diameter. 8 mm provides sufficient shear strength in PLA for panel retention. Must clear the keyhole slot width.,False
quarterturn_head_dia,mm,14.00,1.4,Stud head diameter (locking flange that catches behind panel). Extends past keyhole to provide bearing area. Minimum 1.5x stud_dia.,False
quarterturn_head_thick,mm,2.50,0.25,Thickness of locking head flange. Must resist bending from pull-out loads. Minimum fdm_wall_structural.,False
quarterturn_keyhole_width,mm,8.50,0.85,Width of keyhole entry slot in panel. Stud shaft passes through this. stud_dia + 2x fdm_sliding_fit + margin.,False
quarterturn_keyhole_length,mm,14.50,1.45,Length of keyhole slot (allows head to pass through during insertion). head_dia + 2x fdm_sliding_fit + margin.,False
quarterturn_panel_thick,mm,3.00,0.30000000000000004,Nominal panel thickness the fastener is designed for. Stud shoulder height matches this so head sits flush behind panel.,False
quarterturn_clearance,mm,fdm_sliding_fit,0.015,Radial clearance between stud and keyhole for smooth rotation. References fdm_sliding_fit.,False
quarterturn_detent_depth,mm,0.50,0.05,Depth of 90-degree detent notch that holds fastener in locked position. Provides tactile click at lock. Shallow = easy release.,False
camlock_cam_dia,mm,15.00,1.5,Outer diameter of cam disc. 15 mm is standard for furniture-style cam locks. Larger = more clamping force at same eccentricity.,False
camlock_eccentricity,mm,1.50,0.15000000000000002,Offset between cam center and pivot bore center. This IS the total clamping travel. 1.5 mm provides firm clamp without excessive torque.,False
camlock_cam_thick,mm,6.00,0.6000000000000001,Cam disc thickness. Determines bearing area against mating slot. 6 mm prevents cam from cocking/tilting under load.,False
camlock_pivot_dia,mm,5.00,0.5,Pivot shaft diameter through cam center bore. 5 mm aligns with common dowel pin or M5 bolt sizes.,False
camlock_slot_width,mm,6.50,0.65,Width of slot the cam bears against in mating part. cam_thick + 2x fdm_sliding_fit + margin for smooth rotation.,False
camlock_lever_length,mm,20.00,2.0,Length of operating lever arm (if integrated). Provides mechanical advantage for hand operation. Can be replaced with screwdriver slot.,False
camlock_clearance,mm,fdm_sliding_fit,0.015,Radial clearance between cam disc and housing pocket. References fdm_sliding_fit for smooth rotation.,False
iphone16_height,mm,147.6,14.76,iPhone 16 body height. Apple 2024 spec.,True
iphone16_width,mm,71.6,7.16,iPhone 16 body width. Apple 2024 spec.,True
iphone16_depth,mm,7.80,0.78,iPhone 16 body depth/thickness. Apple 2024 spec.,True
iphone16pro_height,mm,149.6,14.96,iPhone 16 Pro body height. Apple 2024 spec.,True
iphone16pro_width,mm,71.5,7.15,iPhone 16 Pro body width. Apple 2024 spec.,True
iphone16pro_depth,mm,8.25,0.8250000000000001,iPhone 16 Pro body depth. Apple 2024 spec.,True
iphone16promax_height,mm,163.0,16.3,iPhone 16 Pro Max body height. Apple 2024 spec.,True
iphone16promax_width,mm,77.6,7.76,iPhone 16 Pro Max body width. Apple 2024 spec.,True
iphone16promax_depth,mm,8.25,0.8250000000000001,iPhone 16 Pro Max body depth. Apple 2024 spec.,True
iphone15_height,mm,147.6,14.76,iPhone 15 body height. Apple 2023 spec.,True
iphone15_width,mm,71.6,7.16,iPhone 15 body width. Apple 2023 spec.,True
iphone15_depth,mm,7.80,0.78,iPhone 15 body depth. Apple 2023 spec.,True
iphone15pro_height,mm,146.6,14.66,iPhone 15 Pro body height. Apple 2023 spec.,True
iphone15pro_width,mm,70.6,7.06,iPhone 15 Pro body width. Apple 2023 spec.,True
iphone15pro_depth,mm,8.25,0.8250000000000001,iPhone 15 Pro body depth. Apple 2023 spec.,True
iphone15promax_height,mm,159.9,15.990000000000002,iPhone 15 Pro Max body height. Apple 2023 spec.,True
iphone15promax_width,mm,76.7,7.670000000000001,iPhone 15 Pro Max body width. Apple 2023 spec.,True
iphone15promax_depth,mm,8.25,0.8250000000000001,iPhone 15 Pro Max body depth. Apple 2023 spec.,True
galaxys24_height,mm,147.0,14.700000000000001,Samsung Galaxy S24 body height. Samsung 2024 spec.,True
galaxys24_width,mm,70.6,7.06,Samsung Galaxy S24 body width. Samsung 2024 spec.,True
galaxys24_depth,mm,7.60,0.76,Samsung Galaxy S24 body depth. Samsung 2024 spec.,True
galaxys24plus_height,mm,158.5,15.850000000000001,Samsung Galaxy S24+ body height. Samsung 2024 spec.,True
galaxys24plus_width,mm,75.9,7.590000000000001,Samsung Galaxy S24+ body width. Samsung 2024 spec.,True
galaxys24plus_depth,mm,7.70,0.77,Samsung Galaxy S24+ body depth. Samsung 2024 spec.,True
galaxys24ultra_height,mm,162.3,16.23,Samsung Galaxy S24 Ultra body height. Samsung 2024 spec.,True
galaxys24ultra_width,mm,79.0,7.9,Samsung Galaxy S24 Ultra body width. Samsung 2024 spec.,True
galaxys24ultra_depth,mm,8.60,0.86,Samsung Galaxy S24 Ultra body depth. Samsung 2024 spec.,True
ipadair11_height,mm,247.6,24.76,iPad Air 11-inch (M2) body height. Apple 2024 spec.,True
ipadair11_width,mm,178.5,17.85,iPad Air 11-inch (M2) body width. Apple 2024 spec.,True
ipadair11_depth,mm,6.1,0.61,iPad Air 11-inch (M2) body depth. Apple 2024 spec.,True
ipadpro11_height,mm,249.7,24.97,iPad Pro 11-inch (M4) body height. Apple 2024 spec.,True
ipadpro11_width,mm,177.5,17.75,iPad Pro 11-inch (M4) body width. Apple 2024 spec.,True
ipadpro11_depth,mm,5.3,0.53,iPad Pro 11-inch (M4) body depth. Apple 2024 spec.,True
ipadpro13_height,mm,281.6,28.160000000000004,iPad Pro 13-inch (M4) body height. Apple 2024 spec.,True
ipadpro13_width,mm,215.5,21.55,iPad Pro 13-inch (M4) body width. Apple 2024 spec.,True
ipadpro13_depth,mm,5.1,0.51,iPad Pro 13-inch (M4) body depth. Apple 2024 spec.,True
ipadmini7_height,mm,195.4,19.540000000000003,iPad Mini 7th gen body height. Apple 2024 spec.,True
ipadmini7_width,mm,134.8,13.480000000000002,iPad Mini 7th gen body width. Apple 2024 spec.,True
ipadmini7_depth,mm,6.3,0.63,iPad Mini 7th gen body depth � thickest current iPad. Apple 2024 spec.,True
magsafe15w_dia,mm,56.0,5.6000000000000005,Apple MagSafe 15W charger puck diameter. Apple spec.,True
magsafe15w_thick,mm,6.0,0.6000000000000001,Apple MagSafe 15W charger puck thickness. Apple spec.,True
magsafe25w_dia,mm,55.5,5.550000000000001,Apple MagSafe 25W charger puck diameter. Apple spec.,True
magsafe25w_thick,mm,4.5,0.45,Apple MagSafe 25W charger puck thickness. Apple spec.,True
applewatch_charger_dia,mm,27.6,2.7600000000000002,Apple Watch magnetic charger puck diameter. Apple spec.,True
applewatch_charger_thick,mm,6.0,0.6000000000000001,Apple Watch magnetic charger puck thickness. Apple spec.,True
coffee_mug_top_dia,mm,82.0,8.200000000000001,Standard 8-12 oz coffee mug top/rim diameter. Nominal � verify with calipers. Range 80-89 mm.,True
coffee_mug_base_dia,mm,70.0,7.0,Standard coffee mug base diameter. Nominal � verify with calipers. Range 65-75 mm.,True
coffee_mug_height,mm,95.0,9.5,Standard coffee mug height. Nominal � verify with calipers. Range 90-100 mm.,True
yeti20oz_lip_dia,mm,89.0,8.9,Yeti Rambler 20 oz tumbler lip/rim diameter. Yeti spec.,True
yeti20oz_height,mm,175.0,17.5,Yeti Rambler 20 oz tumbler height. Yeti spec.,True
yeti30oz_lip_dia,mm,102.0,10.200000000000001,Yeti Rambler 30 oz tumbler lip/rim diameter. Yeti spec.,True
yeti30oz_height,mm,194.0,19.400000000000002,Yeti Rambler 30 oz tumbler height. Yeti spec.,True
stanley40oz_base_dia,mm,75.0,7.5,Stanley Quencher H2.0 40 oz base diameter. Stanley spec.,True
stanley40oz_height,mm,260.0,26.0,Stanley Quencher H2.0 40 oz height without straw. Stanley spec.,True
hydroflask32oz_body_dia,mm,91.0,9.1,Hydro Flask 32 oz wide mouth body diameter. Hydro Flask spec.,True
hydroflask32oz_height,mm,239.0,23.900000000000002,Hydro Flask 32 oz wide mouth height with cap. Hydro Flask spec.,True
bic_pen_width,mm,9.0,0.9,BIC Cristal pen hex body across-flats width. For round holder hole use edc_bic_pen_circular_hole_dia.,True
bic_pen_length,mm,149.0,14.9,BIC Cristal pen overall length with cap.,True
sharpie_barrel_dia,mm,12.0,1.2000000000000002,Sharpie Fine Point marker barrel diameter. Approximate � cap is slightly wider at ~14 mm.,True
sharpie_length,mm,140.0,14.0,Sharpie Fine Point marker length with cap.,True
chapstick_dia,mm,16.5,1.6500000000000001,Standard chapstick/lip balm tube diameter.,True
chapstick_height,mm,67.0,6.7,Standard chapstick/lip balm tube height.,True
bic_lighter_width,mm,25.0,2.5,BIC Classic lighter body width (wide face).,True
bic_lighter_height,mm,80.0,8.0,BIC Classic lighter body height.,True
bic_lighter_depth,mm,12.5,1.25,BIC Classic lighter body depth (thin face).,True
zippo_width,mm,38.1,3.8100000000000005,Zippo Classic lighter width. Zippo spec.,True
zippo_height,mm,57.2,5.720000000000001,Zippo Classic lighter height. Zippo spec.,True
zippo_depth,mm,12.7,1.27,Zippo Classic lighter depth. Zippo spec.,True
gopro12_width,mm,71.8,7.18,GoPro Hero 12/13 Black body width. GoPro spec.,True
gopro12_height,mm,50.8,5.08,GoPro Hero 12/13 Black body height. GoPro spec.,True
gopro12_depth,mm,33.6,3.3600000000000003,GoPro Hero 12/13 Black body depth. GoPro spec.,True
gopro_mount_finger_gap,mm,3.1,0.31000000000000005,GoPro mounting finger gap between tabs. Standard across all GoPro mounts.,True
gopro_mount_tab_thick,mm,3.0,0.30000000000000004,GoPro mounting finger tab thickness.,True
gopro_mount_screw_dia,mm,5.0,0.5,GoPro mounting screw diameter (M5 thumbscrew).,True
citadel_pot_dia,mm,30.0,3.0,Games Workshop Citadel 12 ml paint pot diameter. Many 3D-printed holders use 32 mm holes for clearance.,True
citadel_pot_height,mm,35.0,3.5,Citadel 12 ml paint pot height with lid.,True
vallejo_dropper_dia,mm,25.0,2.5,Vallejo 17 ml dropper bottle diameter. Standard 26 mm rack hole accommodates this.,True
vallejo_dropper_height,mm,70.0,7.0,Vallejo 17 ml dropper bottle height without cap.,True
army_painter_dia,mm,26.0,2.6,Army Painter 12 ml dropper bottle diameter. Uses same 26 mm rack standard as Vallejo.,True
army_painter_height,mm,70.0,7.0,Army Painter 12 ml dropper bottle height.,True
craft_paint_2oz_dia,mm,37.0,3.7,Standard 2 oz acrylic craft paint bottle diameter (FolkArt/Apple Barrel/DecoArt). Nominal � verify with calipers.,True
craft_paint_2oz_height,mm,75.0,7.5,Standard 2 oz craft paint bottle height. Nominal � verify with calipers.,True
milwaukee_m18_bat_cp2_length,mm,118.4,11.840000000000002,Milwaukee M18 CP2.0 compact battery length. Milwaukee spec.,True
milwaukee_m18_bat_cp2_width,mm,79.2,7.920000000000001,Milwaukee M18 CP2.0 compact battery width. Milwaukee spec.,True
milwaukee_m18_bat_cp2_height,mm,54.6,5.460000000000001,Milwaukee M18 CP2.0 compact battery height. Milwaukee spec.,True
makita_18v_bat_lxt_5ah_length,mm,113.0,11.3,Makita 18V LXT BL1850B 5.0 Ah battery length. Makita spec.,True
makita_18v_bat_lxt_5ah_width,mm,75.0,7.5,Makita 18V LXT BL1850B 5.0 Ah battery width. Makita spec.,True
makita_18v_bat_lxt_5ah_height,mm,62.0,6.2,Makita 18V LXT BL1850B 5.0 Ah battery height. Makita spec.,True
dewalt_20v_bat_max_4ah_length,mm,178.0,17.8,"SUSPECT - VERIFY WITH CALIPERS. DeWalt DCB204 4.0 Ah. 178/76/76 = 7/3/3 in, which is the retail PACKAGE size (Amazon ""product dimensions""), not the bare pack (~95 mm long). Do not build a holder to this until measured.",True
dewalt_20v_bat_max_4ah_width,mm,76.0,7.6000000000000005,"SUSPECT - VERIFY WITH CALIPERS. DeWalt DCB204 4.0 Ah width; package-derived (3 in) - measure the actual pack before committing geometry.",True
dewalt_20v_bat_max_4ah_height,mm,76.0,7.6000000000000005,"SUSPECT - VERIFY WITH CALIPERS. DeWalt DCB204 4.0 Ah height; package-derived (3 in) - measure the actual pack before committing geometry.",True
aa_bat_dia,mm,14.5,1.4500000000000002,AA cell diameter. IEC 60086 LR6 specification.,True
aa_bat_length,mm,50.5,5.050000000000001,AA cell length. IEC 60086 LR6 specification.,True
aaa_bat_dia,mm,10.5,1.05,AAA cell diameter. IEC 60086 LR03 specification.,True
aaa_bat_length,mm,44.5,4.45,AAA cell length. IEC 60086 LR03 specification.,True
cr2032_dia,mm,20.0,2.0,CR2032 coin cell diameter. IEC standard.,True
cr2032_thick,mm,3.2,0.32000000000000006,CR2032 coin cell thickness. IEC standard.,True
bat_18650_dia,mm,18.0,1.8,18650 lithium cell diameter. Name encodes dimensions: 18 mm dia x 65 mm length.,True
bat_18650_length,mm,65.0,6.5,18650 lithium cell length. Protected cells may be 67-69 mm with circuit board.,True
usb_a_plug_width,mm,12.0,1.2000000000000002,USB Type-A plug body width. USB-IF spec. See also electronics_usb_a_panel_cutout_width (14.0 mm) for panel holes.,True
usb_a_plug_height,mm,4.5,0.45,USB Type-A plug body height. USB-IF spec.,True
usb_c_plug_width,mm,8.34,0.8340000000000001,USB Type-C plug body width. USB-IF Type-C R2.0 spec. See also electronics_usb_c_panel_cutout_width (10.0 mm).,True
usb_c_plug_height,mm,2.56,0.256,USB Type-C plug body height. USB-IF Type-C R2.0 spec.,True
sd_card_width,mm,24.0,2.4000000000000004,Full-size SD card width. SD Association specification.,True
sd_card_length,mm,32.0,3.2,Full-size SD card length. SD Association specification.,True
sd_card_thick,mm,2.1,0.21000000000000002,Full-size SD card thickness. SD Association specification.,True
microsd_width,mm,11.0,1.1,MicroSD card width. SD Association specification.,True
microsd_length,mm,15.0,1.5,MicroSD card length. SD Association specification.,True
microsd_thick,mm,1.0,0.1,MicroSD card thickness. SD Association specification.,True
airpods_pro2_width,mm,60.6,6.0600000000000005,AirPods Pro 2 charging case width. Apple spec.,True
airpods_pro2_height,mm,45.2,4.5200000000000005,AirPods Pro 2 charging case height. Apple spec.,True
airpods_pro2_depth,mm,21.7,2.17,AirPods Pro 2 charging case depth. Apple spec.,True
credit_card_width,mm,85.60,8.56,Standard credit/debit/ID card width. ISO/IEC 7810 ID-1 exact.,True
credit_card_height,mm,53.98,5.398,Standard credit/debit/ID card height. ISO/IEC 7810 ID-1 exact.,True
credit_card_thick,mm,0.76,0.07600000000000001,Standard credit card thickness. ISO/IEC 7810 ID-1 (tolerance 0.68-0.84 mm).,True
credit_card_corner_radius,mm,3.18,0.31800000000000006,Standard credit card corner radius. ISO/IEC 7810 (tolerance 2.88-3.48 mm).,True
business_card_width,mm,88.9,8.89,US standard business card width (3.5 inches).,True
business_card_height,mm,50.8,5.08,US standard business card height (2 inches).,True
poker_card_width,mm,63.5,6.3500000000000005,Standard poker-size playing card width (2.5 inches). USPCC standard.,True
poker_card_height,mm,88.9,8.89,Standard poker-size playing card height (3.5 inches). USPCC standard.,True
penny_dia,mm,19.05,1.9050000000000002,US penny diameter. US Mint specification exact.,True
penny_thick,mm,1.52,0.15200000000000002,US penny thickness. US Mint specification exact.,True
nickel_dia,mm,21.21,2.121,US nickel diameter. US Mint specification exact.,True
nickel_thick,mm,1.95,0.195,US nickel thickness. US Mint specification exact.,True
dime_dia,mm,17.91,1.7910000000000001,US dime diameter. US Mint specification exact.,True
dime_thick,mm,1.35,0.135,US dime thickness. US Mint specification exact.,True
quarter_dia,mm,24.26,2.426,US quarter diameter. US Mint specification exact.,True
quarter_thick,mm,1.75,0.17500000000000002,US quarter thickness. US Mint specification exact.,True
half_dollar_dia,mm,30.61,3.061,US half dollar diameter. US Mint specification exact.,True
half_dollar_thick,mm,2.15,0.215,US half dollar thickness. US Mint specification exact.,True
dollar_coin_dia,mm,26.49,2.649,US dollar coin (Sacagawea/Presidential) diameter. US Mint specification exact.,True
dollar_coin_thick,mm,2.00,0.2,US dollar coin thickness. US Mint specification exact.,True
usb_c_cable_od,mm,3.5,0.35000000000000003,USB-C cable outer diameter typical. Nominal � braided cables may be 4.5-5.0 mm.,True
lightning_cable_od,mm,3.2,0.32000000000000006,Lightning cable outer diameter typical (Apple original). Third-party may be 3.5-4.5 mm.,True
hdmi_plug_width,mm,13.9,1.3900000000000001,HDMI Type A plug width. HDMI specification exact.,True
hdmi_plug_height,mm,4.55,0.455,HDMI Type A plug height. HDMI specification exact.,True
dp_plug_width,mm,16.10,1.6100000000000003,DisplayPort full-size plug width including latch. VESA spec.,True
dp_plug_height,mm,4.76,0.476,DisplayPort full-size plug height. VESA spec.,True
rj45_plug_width,mm,11.68,1.168,RJ45 Ethernet plug width. TIA/EIA-568 standard exact.,True
rj45_plug_height,mm,13.5,1.35,RJ45 Ethernet plug height including latch. Without latch ~10.2 mm.,True
audio_35mm_plug_dia,mm,3.5,0.35000000000000003,3.5 mm audio jack plug diameter. IEC 60603-11 exact.,True
audio_35mm_barrel_length,mm,14.0,1.4000000000000001,3.5 mm audio jack barrel length (TRS/TRRS typical). Varies by manufacturer.,True
pegboard_hole_dia,mm,7.14,0.714,Standard 1/4-inch pegboard hole diameter (actual 9/32 inch). Industry standard.,True
pegboard_hole_spacing,mm,25.4,2.54,Standard pegboard hole center-to-center spacing (1 inch). Industry standard.,True
pegboard_thickness,mm,6.35,0.635,Standard pegboard board thickness (1/4 inch).,True
pegboard_hook_wire_dia,mm,4.72,0.472,Standard pegboard hook wire diameter (3/16 inch / 7 gauge).,True
pegboard_small_hole_dia,mm,4.76,0.476,Small/hobby pegboard hole diameter (3/16 inch / 1/8-inch nominal).,True
pegboard_small_thickness,mm,3.18,0.31800000000000006,Small/hobby pegboard board thickness (1/8 inch).,True
pegboard_light_hook_dia,mm,3.76,0.376,Light-duty pegboard hook wire diameter (9 gauge / 0.148 inch).,True
dewalt_drill_length,mm,219.0,21.900000000000002,DeWalt DCD771 20V drill length front-to-back. DeWalt spec. Tool only without battery.,True
dewalt_drill_width,mm,53.0,5.300000000000001,DeWalt DCD771 20V drill body width. DeWalt spec.,True
dewalt_drill_height,mm,191.0,19.1,DeWalt DCD771 20V drill height handle-to-top. DeWalt spec. Tool only.,True
milwaukee_drill_length,mm,175.0,17.5,Milwaukee M18 FUEL 2904-20 hammer drill length. Milwaukee spec. Tool only.,True
milwaukee_drill_width,mm,58.0,5.800000000000001,Milwaukee M18 FUEL drill body width. Milwaukee spec.,True
milwaukee_drill_height,mm,208.0,20.8,Milwaukee M18 FUEL drill height. Milwaukee spec. Tool only.,True
dewalt_saw_length,mm,305.0,30.5,DeWalt DCS391 6.5-inch circular saw length. DeWalt spec.,True
dewalt_saw_width,mm,229.0,22.900000000000002,DeWalt DCS391 circular saw base plate width. DeWalt spec.,True
dewalt_saw_height,mm,216.0,21.6,DeWalt DCS391 circular saw height. DeWalt spec.,True
tool_dewalt_dcs391_blade_dia,mm,165.0,16.5,DeWalt DCS391 circular saw blade diameter (6.5 inch).,True
milwaukee_saw_length,mm,330.0,33.0,Milwaukee M18 FUEL 2732-20 7.25-inch circular saw length. Milwaukee spec.,True
milwaukee_saw_blade_dia,mm,184.0,18.400000000000002,Milwaukee M18 FUEL circular saw blade diameter (7.25 inch).,True
dewalt_sander_pad_dia,mm,127.0,12.700000000000001,DeWalt DCW210 orbital sander pad diameter (5 inch). DeWalt spec.,True
dewalt_sander_length,mm,180.0,18.0,DeWalt DCW210 orbital sander body length. DeWalt spec.,True
dewalt_sander_height,mm,130.0,13.0,DeWalt DCW210 orbital sander grip-to-pad height. DeWalt spec.,True
milwaukee_sander_pad_dia,mm,127.0,12.700000000000001,Milwaukee M18 2648-20 orbital sander pad diameter (5 inch).,True
milwaukee_sander_length,mm,267.0,26.700000000000003,Milwaukee M18 orbital sander body length. Milwaukee spec.,True
milwaukee_sander_height,mm,146.0,14.600000000000001,Milwaukee M18 orbital sander height. Milwaukee spec.,True
screwdriver_handle_dia,mm,33.0,3.3000000000000003,Phillips #2 screwdriver handle diameter typical. Nominal � varies 30-36 mm by brand. Use 38 mm holder hole.,True
screwdriver_shaft_dia,mm,6.0,0.6000000000000001,Standard screwdriver shaft diameter (1/4 inch).,True
screwdriver_overall_length,mm,210.0,21.0,Phillips #2 screwdriver overall length typical (4-inch shaft). Nominal � range 200-220 mm.,True
hammer_16oz_length,mm,330.0,33.0,Standard 16 oz claw hammer overall length (13 inch).,True
hammer_16oz_head_width,mm,130.0,13.0,16 oz claw hammer head width (face to claw tip). Klein spec.,True
hammer_16oz_handle_dia,mm,31.0,3.1,16 oz hammer handle grip diameter (oval minor axis). Nominal � range 28-35 mm.,True
adj_wrench_6in_length,mm,152.0,15.200000000000001,6-inch adjustable wrench overall length. Crescent spec.,True
adj_wrench_6in_jaw_width,mm,24.0,2.4000000000000004,6-inch adjustable wrench max jaw capacity (15/16 inch). Crescent spec.,True
adj_wrench_8in_length,mm,203.0,20.3,8-inch adjustable wrench overall length. Crescent spec.,True
adj_wrench_8in_jaw_width,mm,29.0,2.9000000000000004,8-inch adjustable wrench max jaw capacity (1-1/8 inch). Crescent spec.,True
adj_wrench_10in_length,mm,254.0,25.400000000000002,10-inch adjustable wrench overall length. Crescent spec.,True
adj_wrench_10in_jaw_width,mm,34.0,3.4000000000000004,10-inch adjustable wrench max jaw capacity (1-5/16 inch). Crescent spec.,True
tape_measure_width,mm,76.0,7.6000000000000005,Stanley 25 ft PowerLock tape measure case width. Stanley spec.,True
tape_measure_height,mm,76.0,7.6000000000000005,Stanley 25 ft tape measure case height. Stanley spec.,True
tape_measure_depth,mm,44.0,4.4,Stanley 25 ft tape measure case depth. Stanley spec.,True
utility_knife_length,mm,152.0,15.200000000000001,Stanley 99E retractable utility knife body length. Stanley spec.,True
utility_knife_width,mm,44.0,4.4,Stanley 99E utility knife body width/height profile. Approximate.,True
utility_knife_depth,mm,19.0,1.9000000000000001,Stanley 99E utility knife body thickness. Approximate.,True
torpedo_level_length,mm,229.0,22.900000000000002,9-inch torpedo level length. Klein spec.,True
torpedo_level_width,mm,41.0,4.1000000000000005,9-inch torpedo level body width. Klein spec.,True
torpedo_level_height,mm,17.0,1.7000000000000002,9-inch torpedo level body height/profile. Klein spec.,True
kw1_key_length,mm,54.0,5.4,KW1 (Kwikset) house key blank overall length bow to tip. Locksmith spec.,True
kw1_key_bow_width,mm,22.0,2.2,KW1 key blank bow (head) width. Standard round head.,True
kw1_key_blade_thick,mm,2.1,0.21000000000000002,KW1 key blank blade thickness. Locksmith spec exact.,True
sc1_key_length,mm,54.0,5.4,SC1 (Schlage) house key blank overall length. Locksmith spec.,True
sc1_key_bow_width,mm,22.0,2.2,SC1 key blank bow (head) width. Standard round head.,True
sc1_key_blade_thick,mm,2.3,0.22999999999999998,SC1 key blank blade thickness. Slightly thicker than KW1. Locksmith spec.,True
keyring_25mm_od,mm,25.0,2.5,Standard 25 mm split ring keychain ring outer diameter.,True
keyring_25mm_wire_dia,mm,1.5,0.15000000000000002,Standard 25 mm split ring wire diameter.,True
xbox_width,mm,153.0,15.3,Xbox Series X/S wireless controller width. Microsoft spec.,True
xbox_height,mm,102.0,10.200000000000001,Xbox Series X/S controller height. Microsoft spec.,True
xbox_depth,mm,61.0,6.1000000000000005,Xbox Series X/S controller depth. Microsoft spec.,True
ps5_width,mm,160.0,16.0,PS5 DualSense wireless controller width. Sony spec.,True
ps5_height,mm,106.0,10.600000000000001,PS5 DualSense controller height. Sony spec.,True
ps5_depth,mm,66.0,6.6000000000000005,PS5 DualSense controller depth. Sony spec.,True
switch_pro_width,mm,152.0,15.200000000000001,Nintendo Switch Pro Controller width. Nintendo spec.,True
switch_pro_height,mm,106.0,10.600000000000001,Nintendo Switch Pro Controller height. Nintendo spec.,True
switch_pro_depth,mm,63.0,6.300000000000001,Nintendo Switch Pro Controller depth. Nintendo spec.,True
joycon_width,mm,35.9,3.59,Nintendo Switch Joy-Con single width. Nintendo spec.,True
joycon_height,mm,102.0,10.200000000000001,Nintendo Switch Joy-Con single height. Nintendo spec.,True
joycon_depth,mm,13.9,1.3900000000000001,Nintendo Switch Joy-Con body depth (thinnest). Max ~28.4 mm at button protrusion.,True
appletv_remote_width,mm,35.6,3.5600000000000005,Apple TV Siri Remote 3rd gen (USB-C) width. Apple spec.,True
appletv_remote_height,mm,137.2,13.719999999999999,Apple TV Siri Remote 3rd gen length/height. Apple spec.,True
appletv_remote_depth,mm,9.1,0.91,Apple TV Siri Remote 3rd gen depth. Apple spec.,True
firetv_remote_width,mm,38.0,3.8000000000000003,Amazon Fire TV Alexa Voice Remote width. Approximate.,True
firetv_remote_height,mm,148.0,14.8,Amazon Fire TV Alexa Voice Remote length. Approximate.,True
firetv_remote_depth,mm,18.0,1.8,Amazon Fire TV remote depth. Approximate.,True
roku_remote_width,mm,41.0,4.1000000000000005,Roku Voice Remote Pro width. Approximate.,True
roku_remote_height,mm,145.0,14.5,Roku Voice Remote Pro length. Approximate.,True
roku_remote_depth,mm,20.0,2.0,Roku Voice Remote Pro depth. Approximate.,True
watch_s10_42_height,mm,42.0,4.2,Apple Watch Series 10 42 mm case height. Apple spec.,True
watch_s10_42_width,mm,36.0,3.6,Apple Watch Series 10 42 mm case width. Apple spec.,True
watch_s10_42_depth,mm,9.7,0.97,Apple Watch Series 10 42 mm case depth. Apple spec.,True
watch_s10_46_height,mm,46.0,4.6000000000000005,Apple Watch Series 10 46 mm case height. Apple spec.,True
watch_s10_46_width,mm,39.0,3.9000000000000004,Apple Watch Series 10 46 mm case width. Apple spec.,True
watch_s10_46_depth,mm,9.7,0.97,Apple Watch Series 10 46 mm case depth. Apple spec.,True
watch_ultra2_height,mm,49.0,4.9,Apple Watch Ultra 2 case height. Apple spec.,True
watch_ultra2_width,mm,44.0,4.4,Apple Watch Ultra 2 case width. Apple spec.,True
watch_ultra2_depth,mm,14.4,1.4400000000000002,Apple Watch Ultra 2 case depth. Apple spec.,True
watch_band_20,mm,20.0,2.0,Standard 20 mm watch band/lug width. Common for many smartwatches and men's dress watches.,True
watch_band_22,mm,22.0,2.2,Standard 22 mm watch band/lug width. Common for larger men's watches.,True
echo_dot5_dia,mm,100.0,10.0,Amazon Echo Dot 5th gen diameter. Amazon spec.,True
echo_dot5_height,mm,89.0,8.9,Amazon Echo Dot 5th gen height. Amazon spec.,True
nest_mini2_dia,mm,98.0,9.8,Google Nest Mini 2nd gen diameter. Google spec.,True
nest_mini2_height,mm,42.0,4.2,Google Nest Mini 2nd gen height. Google spec.,True
echo_show5_width,mm,147.0,14.700000000000001,Amazon Echo Show 5 3rd gen width. Amazon spec.,True
echo_show5_height,mm,82.0,8.200000000000001,Amazon Echo Show 5 3rd gen height. Amazon spec.,True
echo_show5_depth,mm,91.0,9.1,Amazon Echo Show 5 3rd gen depth. Amazon spec.,True
kasa_ep10_width,mm,60.0,6.0,TP-Link Kasa EP10 smart plug width. TP-Link spec.,True
kasa_ep10_height,mm,51.5,5.15,TP-Link Kasa EP10 smart plug height. TP-Link spec.,True
kasa_ep10_depth,mm,38.0,3.8000000000000003,TP-Link Kasa EP10 smart plug depth (excluding prongs). TP-Link spec.,True
hue_bridge_width,mm,88.0,8.8,Philips Hue Bridge width (rounded square shape). Philips spec.,True
hue_bridge_height,mm,26.0,2.6,Philips Hue Bridge height. Philips spec.,True
ring_indoor_width,mm,49.0,4.9,Ring Indoor Cam 2nd gen width (cube body). Ring spec.,True
ring_indoor_height,mm,49.0,4.9,Ring Indoor Cam 2nd gen height (camera body only). With stand ~97 mm.,True
ring_indoor_depth,mm,49.0,4.9,Ring Indoor Cam 2nd gen depth (cube body). Ring spec.,True
ring_stickup_dia,mm,60.0,6.0,Ring Stick Up Cam battery body diameter. Ring spec.,True
ring_stickup_height,mm,97.0,9.700000000000001,Ring Stick Up Cam height without mount. Ring spec.,True
ring_doorbell_width,mm,61.7,6.170000000000001,Ring Video Doorbell current gen width. Ring spec.,True
ring_doorbell_height,mm,126.5,12.65,Ring Video Doorbell current gen height. Ring spec.,True
ring_doorbell_depth,mm,22.1,2.2100000000000004,Ring Video Doorbell current gen depth. Ring spec.,True
unifi_g4_bullet_dia,mm,75.0,7.5,Ubiquiti UniFi G4 Bullet camera body diameter. Ubiquiti datasheet.,True
unifi_g4_bullet_length,mm,140.0,14.0,Ubiquiti UniFi G4 Bullet camera body length. Ubiquiti datasheet.,True
unifi_g4_instant_width,mm,81.6,8.16,Ubiquiti UniFi G4 Instant camera width. Ubiquiti datasheet.,True
unifi_g4_instant_height,mm,50.0,5.0,Ubiquiti UniFi G4 Instant camera height. Ubiquiti datasheet.,True
unifi_g4_instant_depth,mm,47.2,4.720000000000001,Ubiquiti UniFi G4 Instant camera depth. Ubiquiti datasheet.,True
unifi_g5_flex_dia,mm,48.0,4.800000000000001,Ubiquiti UniFi G5 Flex turret camera body diameter. Ubiquiti datasheet.,True
unifi_g5_flex_height,mm,107.5,10.75,Ubiquiti UniFi G5 Flex turret camera height. Ubiquiti datasheet.,True
tripod_mount_thread_dia,mm,6.35,0.635,Standard 1/4-20 UNC tripod mount thread outer diameter. ANSI/ASME standard.,True
tripod_mount_thread_pitch,mm,1.27,0.127,Standard 1/4-20 UNC tripod mount thread pitch (20 TPI). ANSI/ASME standard.,True
pill_13dram_dia,mm,33.0,3.3000000000000003,13 dram prescription pill bottle body diameter. Pharmaceutical industry standard. Cap dia ~2-4 mm larger.,True
pill_13dram_height,mm,54.0,5.4,13 dram pill bottle height. Pharmaceutical standard.,True
pill_20dram_dia,mm,39.0,3.9000000000000004,20 dram prescription pill bottle body diameter. Pharmaceutical standard.,True
pill_20dram_height,mm,58.0,5.800000000000001,20 dram pill bottle height. Pharmaceutical standard.,True
pill_30dram_dia,mm,46.0,4.6000000000000005,30 dram prescription pill bottle body diameter. Pharmaceutical standard.,True
pill_30dram_height,mm,69.0,6.9,30 dram pill bottle height. Pharmaceutical standard.,True
nalgene_32oz_body_dia,mm,90.0,9.0,Nalgene 32 oz wide mouth bottle body diameter. Nalgene spec.,True
nalgene_32oz_height,mm,214.0,21.400000000000002,Nalgene 32 oz wide mouth bottle height. Nalgene spec.,True
nalgene_32oz_mouth_dia,mm,63.0,6.300000000000001,Nalgene 32 oz wide mouth opening inner diameter. Nalgene spec.,True
eyedrop_15ml_dia,mm,29.0,2.9000000000000004,Standard 15 ml eye drop bottle body diameter. Nominal � varies by brand. Range 22-30 mm.,True
eyedrop_15ml_height,mm,77.0,7.7,Standard 15 ml eye drop bottle height with cap. Nominal � range 70-80 mm.,True
spray_28_400_neck_od,mm,28.0,2.8000000000000003,28/400 spray bottle neck finish outer diameter. GPI standard exact.,True
samsung_t7_width,mm,57.3,5.73,Samsung T7 portable SSD width. Samsung datasheet.,True
samsung_t7_height,mm,85.0,8.5,Samsung T7 portable SSD height. Samsung datasheet.,True
samsung_t7_depth,mm,8.0,0.8,Samsung T7 portable SSD depth. Samsung datasheet.,True
wd_passport_width,mm,75.0,7.5,WD My Passport external HDD width. WD datasheet.,True
wd_passport_height,mm,107.0,10.700000000000001,WD My Passport external HDD height. WD datasheet.,True
wd_passport_depth,mm,11.15,1.115,WD My Passport external HDD depth. WD datasheet.,True
sata_25_width,mm,69.85,6.984999999999999,2.5-inch SATA drive width. SFF-8201 standard exact.,True
sata_25_length,mm,100.45,10.045000000000002,2.5-inch SATA drive length. SFF-8201 standard exact.,True
sata_25_height_thin,mm,7.0,0.7000000000000001,2.5-inch SATA drive height (thin/SSD). SFF-8201 standard.,True
sata_25_height_std,mm,9.5,0.9500000000000001,2.5-inch SATA drive height (standard HDD). SFF-8201 standard.,True
sata_35_width,mm,101.6,10.16,3.5-inch SATA drive width. SFF-8301 standard exact.,True
sata_35_length,mm,146.99,14.699000000000002,3.5-inch SATA drive length. SFF-8301 standard exact.,True
sata_35_height,mm,25.4,2.54,3.5-inch SATA drive height. SFF-8301 standard. Some newer drives 17.8 mm.,True
m2_2280_width,mm,22.0,2.2,M.2 2280 SSD width. PCI-SIG M.2 specification exact. Name encodes 22 x 80 mm.,True
m2_2280_length,mm,80.0,8.0,M.2 2280 SSD length. PCI-SIG specification exact.,True
m2_2280_height,mm,2.23,0.223,M.2 2280 SSD height (single-sided). Double-sided ~3.73 mm.,True
cfexpress_b_width,mm,29.6,2.9600000000000004,CFexpress Type B card width. CompactFlash Association spec exact.,True
cfexpress_b_height,mm,38.36,3.8360000000000003,CFexpress Type B card height. CFA spec exact.,True
cfexpress_b_thick,mm,3.8,0.38,CFexpress Type B card thickness. CFA spec exact.,True
glasses_case_width,mm,70.0,7.0,Sunglasses hard shell case width typical. Nominal � range 65-75 mm. Verify for specific case.,True
glasses_case_height,mm,42.0,4.2,Sunglasses hard case height typical. Nominal � range 38-45 mm.,True
glasses_case_length,mm,165.0,16.5,Sunglasses hard case length typical. Nominal � range 155-170 mm.,True
glasses_folded_width,mm,140.0,14.0,Folded eyeglasses width envelope typical. Nominal � range 130-155 mm.,True
glasses_folded_height,mm,48.0,4.800000000000001,Folded eyeglasses height envelope typical. Nominal � range 40-55 mm.,True
glasses_folded_depth,mm,48.0,4.800000000000001,Folded eyeglasses depth envelope typical. Nominal � range 35-55 mm.,True
phone_max_height,mm,iphone16promax_height,16.3,Max phone height across all models � iPhone 16 Pro Max at 163.0 mm. For universal holder depth.,True
phone_max_width,mm,galaxys24ultra_width,7.9,Max phone width across all models � Galaxy S24 Ultra at 79.0 mm.,True
phone_max_depth,mm,galaxys24ultra_depth,0.86,Max phone depth across all models � Galaxy S24 Ultra at 8.60 mm.,True
phone_case_allowance,mm,3.0,0.30000000000000004,Typical rugged phone case adds ~3 mm per side. Adjust per actual case.,True
phone_cased_width,mm,phone_max_width + 2 * phone_case_allowance,8.5,Universal phone width with case allowance. For holder/dock inner width.,True
phone_cased_depth,mm,phone_max_depth + 2 * phone_case_allowance,1.46,Universal phone depth with case allowance. For holder/dock slot depth.,True
tablet_max_height,mm,ipadpro13_height,28.160000000000004,Max tablet height � iPad Pro 13 at 281.6 mm.,True
tablet_max_width,mm,ipadpro13_width,21.55,Max tablet width � iPad Pro 13 at 215.5 mm.,True
tablet_max_depth,mm,ipadmini7_depth,0.63,Max tablet depth � iPad Mini 7 at 6.3 mm (thickest current iPad).,True
drink_max_body_dia,mm,yeti30oz_lip_dia,10.200000000000001,Largest drinkware diameter � Yeti 30 oz at 102 mm.,True
drink_max_height,mm,stanley40oz_height,26.0,Tallest drinkware � Stanley Quencher 40 oz at 260 mm.,True
aa_holder_slot_dia,mm,aa_bat_dia + 2 * fdm_sliding_fit,1.4800000000000002,AA battery holder slot diameter with FDM sliding fit clearance.,True
aaa_holder_slot_dia,mm,aaa_bat_dia + 2 * fdm_sliding_fit,1.08,AAA battery holder slot diameter with FDM sliding fit clearance.,True
bat_18650_holder_slot_dia,mm,bat_18650_dia + 2 * fdm_sliding_fit,1.83,18650 battery holder slot diameter with FDM sliding fit clearance.,True
controller_max_width,mm,ps5_width,16.0,Max controller width � PS5 DualSense at 160 mm. For universal charging dock/holder.,True
controller_max_height,mm,ps5_height,10.600000000000001,Max controller height � DualSense/Switch Pro at 106 mm.,True
controller_max_depth,mm,ps5_depth,6.6000000000000005,Max controller depth � PS5 DualSense at 66 mm.,True
bic_pen_hole_dia,mm,10.4,1.04,BIC Cristal hex pen across-corners diameter (9 mm / cos 30). Use for round holder holes.,True
m3_grub_length,mm,3.0,0.30000000000000004,M3 grub/set screw most common length (3 mm). Also available in 4 and 5 mm.,True
m4_grub_length,mm,5.0,0.5,M4 grub/set screw most common length (5 mm). Also available in 4 and 6 mm.,True
pip_socket_ratio,,0.65,0.65,Socket opening diameter / sphere diameter (dimensionless ratio). 0.65 = equator is above the socket lip.,True
bayonet_tab_count,,3,3.0,Number of tabs/channels in a twist-lock lid (dimensionless count). 3 gives 120 deg spacing.,True
multiboard_tile_grid,mm,25.0,2.5,Multiboard tile grid pitch (1 MU); snap and bolt accessories array on this. Source: multiboard.io,True
multiboard_snap_standoff,mm,6.25,0.625,Multiboard offset-snap mount standoff from the tile face. Source: multiboard.io,True
multiboard_tol,mm,0.25,0.025,Multiboard bolt/snap fit tolerance. Print 0.2 mm layer / 0.4 mm nozzle to match the ecosystem. Source: multiboard.io,True
multiboard_bin_cu,mm,50.0,5,Multiboard bin Cell Unit (1 CU) height step. Distinct from the 25 mm tile MU. Source: multiboard.io,True
skadis_grid,mm,40.0,4,IKEA SKADIS pegboard grid pitch (square). Source: dimensions.com,True
skadis_slot_width,mm,5.0,0.5,SKADIS oval slot width. M3 nut (5.5 mm AF) will not pass; accessories use M2/M2.5. Source: justhangingpegboards.com,True
skadis_slot_height,mm,15.0,1.5,SKADIS oval slot height.,True
gridfinity_grid,mm,42.0,4.2,Gridfinity baseplate XY grid pitch. Source: github gridfinity spec,True
gridfinity_z_unit,mm,7.0,0.7,Gridfinity Z height unit (1U). Source: github gridfinity spec,True
gridfinity_bin_foot,mm,41.5,4.15,Gridfinity bin foot footprint (grid 42 minus 0.5 clearance); 0.25 mm tol. Source: github gridfinity spec,True
gridfinity_baseplate_wall,mm,4.65,0.465,Gridfinity baseplate wall height. Source: github gridfinity spec,True
gridfinity_corner_fillet,mm,4.0,0.4,Gridfinity bin/baseplate corner fillet radius. Source: github gridfinity spec,True
gridfinity_stack_lip,mm,4.4,0.44,Gridfinity stacking lip height. Source: github gridfinity spec,True
hsw_grid,mm,42.58,4.258,Honeycomb Storage Wall pitch across two staggered hexes (multi-point holders). Multiboard accepts HSW push-fits. Source: rostap / multiboard.io,True
french_cleat_angle,deg,45,0.7853981633974483,French cleat bevel angle; wall strip and mating part share the 45 deg face. Source: shop standard,True
french_cleat_stock,mm,18.3,1.83,French cleat stock thickness = 3/4 in plywood actual. Source: US sheet-goods standard,True
wall_control_grid,mm,25.4,2.54,Wall Control metal pegboard hole spacing (1 in); accepts standard 1/4 in hooks. VERIFY exact hole size on your panel.,True
m2p5_heatset_hole,mm,3.30,0.33,M2.5 heat-set hole ID. Generic ~97% of assumed 3.4 mm OD; verify/coupon-test your batch (brand-dependent). Depth = insert length + 0.2 mm.,True
m6_heatset_hole,mm,7.80,0.78,M6 heat-set hole ID. Generic ~97% of assumed 8.0 mm OD; verify/coupon-test your batch. Depth = insert length + 0.2 mm.,True
m8_heatset_hole,mm,9.60,0.96,M8 heat-set hole ID. Generic ~97% of assumed 9.9 mm OD; verify/coupon-test your batch. Depth = insert length + 0.2 mm.,True
m10_heatset_hole,mm,11.70,1.17,M10 heat-set hole ID. Generic ~97% of assumed 12.0 mm OD; verify/coupon-test your batch. Depth = insert length + 0.2 mm.,True
m6_hex_nut_af,mm,10.0,1,M6 hex nut AF (DIN 934 / ISO 4032). Add ~0.2-0.3 mm for printed pockets.,True
m6_hex_nut_height,mm,5.2,0.52,M6 hex nut height (ISO 4032).,True
m8_hex_nut_af,mm,13.0,1.3,M8 hex nut AF.,True
m8_hex_nut_height,mm,6.8,0.68,M8 hex nut height.,True
m10_hex_nut_af,mm,17.0,1.7,M10 hex nut AF.,True
m10_hex_nut_height,mm,8.4,0.84,M10 hex nut height.,True
m6_socket_head_dia,mm,10.0,1,M6 socket cap head (DIN 912) OD. Counterbore slightly over head dia for clearance.,True
m6_socket_head_height,mm,6.0,0.6,M6 socket cap head height.,True
m8_socket_head_dia,mm,13.0,1.3,M8 socket cap head OD.,True
m8_socket_head_height,mm,8.0,0.8,M8 socket cap head height.,True
cnc_m8_tap_drill,mm,6.8,0.68,M8x1.25 tap drill diameter in aluminum (75% thread). Source: ISO 261,True
cnc_m10_tap_drill,mm,8.5,0.85,M10x1.5 tap drill diameter in aluminum.,True
cnc_m12_tap_drill,mm,10.2,1.02,M12x1.75 tap drill diameter in aluminum.,True
magnet_8x3mm_od,mm,8.0,0.8,8x3 mm N42-N52 disc magnet OD. Press-fit pocket ~0.1 mm over.,True
magnet_8x3mm_height,mm,3.0,0.3,8x3 mm magnet height.,True
magnet_12x3mm_od,mm,12.0,1.2,12x3 mm disc magnet OD. Press-fit pocket ~0.1 mm over.,True
magnet_12x3mm_height,mm,3.0,0.3,12x3 mm magnet height.,True
magnet_15x3mm_od,mm,15.0,1.5,15x3 mm disc magnet OD.,True
magnet_15x3mm_height,mm,3.0,0.3,15x3 mm magnet height.,True
magnet_20x2mm_od,mm,20.0,2,20x2 mm disc magnet OD.,True
magnet_20x2mm_height,mm,2.0,0.2,20x2 mm magnet height.,True
bearing_608_id,mm,8.0,0.8,"608 bearing bore (skate bearing; filament rollers, idlers).",True
bearing_608_od,mm,22.0,2.2,608 bearing OD.,True
bearing_608_width,mm,7.0,0.7,608 bearing width.,True
bearing_625_id,mm,5.0,0.5,625 bearing bore (common idler).,True
bearing_625_od,mm,16.0,1.6,625 bearing OD.,True
bearing_625_width,mm,5.0,0.5,625 bearing width.,True
bearing_623_id,mm,3.0,0.3,623 bearing bore (small idler; F623 flanged variant common).,True
bearing_623_od,mm,10.0,1,623 bearing OD.,True
bearing_623_width,mm,4.0,0.4,623 bearing width.,True
bearing_688_id,mm,8.0,0.8,688 bearing bore (compact idler).,True
bearing_688_od,mm,16.0,1.6,688 bearing OD.,True
bearing_688_width,mm,5.0,0.5,688 bearing width.,True
bearing_6802_id,mm,15.0,1.5,6802 thin-section bearing bore.,True
bearing_6802_od,mm,24.0,2.4,6802 bearing OD.,True
bearing_6802_width,mm,5.0,0.5,6802 bearing width.,True
bearing_mr105_id,mm,5.0,0.5,MR105 mini bearing bore.,True
bearing_mr105_od,mm,10.0,1,MR105 bearing OD.,True
bearing_mr105_width,mm,4.0,0.4,MR105 bearing width.,True
emt_half_inch_od,mm,17.93,1.793,"1/2 in EMT conduit OD (ID 15.80, wall 1.07). Source: makerpipe/accio",True
emt_three_quarter_inch_od,mm,23.42,2.342,3/4 in EMT OD. Most common for Maker-Pipe-style builds.,True
emt_one_inch_od,mm,29.54,2.954,1 in EMT OD (ID 26.64).,True
emt_one_and_quarter_inch_od,mm,38.35,3.835,1-1/4 in EMT OD.,True
plywood_half_inch_actual,mm,11.9,1.19,1/2 in plywood actual thickness (~15/32). Usually 0.5-1 mm under nominal.,True
plywood_three_quarter_inch_actual,mm,18.3,1.83,3/4 in plywood actual thickness (~23/32). Plan French-cleat stock around this.,True
mdf_half_inch_actual,mm,12.7,1.27,1/2 in MDF actual thickness. MDF runs closer to nominal than plywood.,True
mdf_three_quarter_inch_actual,mm,19.0,1.9,3/4 in MDF actual thickness.,True
lumber_2x4_thickness,mm,38.0,3.8,2x4 softwood actual thickness (1.5 in).,True
lumber_2x4_width,mm,89.0,8.9,2x4 softwood actual width (3.5 in).,True
lumber_2x6_width,mm,140.0,14,2x6 softwood actual width (5.5 in). Thickness same as 2x4 (38 mm).,True
lumber_1x4_width,mm,89.0,8.9,1x4 softwood actual width (3.5 in). Thickness 19 mm (3/4 in).,True
vslot_2020_slot_width,mm,6.0,0.6,20-series T-slot/V-slot opening; M5 bolt / 6 mm T-nut. V-slot opening ~6.2 mm. Source: wellste,True
vslot_3030_extrusion_width,mm,30.0,3,3030 extrusion nominal width.,True
vslot_3030_slot_width,mm,8.0,0.8,3030 slot width (often 8.2); M6 bolt. Some 3030 are 6 mm slot - verify.,True
vslot_4040_extrusion_width,mm,40.0,4,4040 extrusion nominal width.,True
vslot_4040_slot_width,mm,8.0,0.8,4040 slot width; M8 bolt. Some makers do 10 mm slot - verify.,True
sq_drive_quarter_af,mm,6.35,0.635,1/4 in square drive AF (the post a socket slips onto). Always inch-based.,True
sq_drive_three_eighth_af,mm,9.525,0.9525,3/8 in square drive AF.,True
sq_drive_half_af,mm,12.70,1.27,1/2 in square drive AF.,True
sq_drive_three_quarter_af,mm,19.05,1.905,3/4 in square drive AF.,True
sq_drive_one_inch_af,mm,25.40,2.54,1 in square drive AF.,True
hex_bit_drive_af,mm,6.35,0.635,1/4 in hex bit (insert) AF - driver/impact collet standard.,True
rpi_mount_hole_dia,mm,2.75,0.275,"Raspberry Pi 4/5 mounting hole diameter; M2.5 screws, 3.5 mm in from edges. Source: RPi mechanical spec",True
rpi_pico_board_length,mm,51.0,5.1,Raspberry Pi Pico board length. Source: RPi Pico datasheet,True
rpi_pico_board_width,mm,21.0,2.1,Raspberry Pi Pico board width.,True
rpi_pico_mount_pitch_x,mm,47.0,4.7,Pico mounting hole pitch (long axis).,True
rpi_pico_mount_pitch_y,mm,11.4,1.14,Pico mounting hole pitch (short axis).,True
rpi_pico_mount_hole_dia,mm,2.1,0.21,Pico mounting hole diameter.,True
rpi_zero_board_length,mm,65.0,6.5,Raspberry Pi Zero / Zero 2 W board length. Source: RPi mechanical spec,True
rpi_zero_board_width,mm,30.0,3,Raspberry Pi Zero board width.,True
rpi_zero_mount_pitch_x,mm,58.0,5.8,Pi Zero mounting hole pitch (long axis).,True
rpi_zero_mount_pitch_y,mm,23.0,2.3,Pi Zero mounting hole pitch (short axis).,True
din_rail_depth,mm,7.5,0.75,TS35 top-hat DIN rail depth (also a 15 mm deep variant). Source: EN 60715,True
header_pitch,mm,2.54,0.254,Standard 0.1 in header/breadboard/protoboard pin pitch.,True
dovetail_mount_width,mm,24.0,2.4,"BB3D house mount-rail dovetail width at the wide (face) edge. Load-bearing wall-holder rail, larger than the generic dovetail_* joint. Lock once - never change.",True
dovetail_mount_depth,mm,6.0,0.6,House mount-rail dovetail engagement depth. Narrow-edge width = 24 - 2*(depth/tan(angle)) ~= 17.1 mm at 60 deg.,True
dovetail_mount_angle,deg,60,1.0471975511965976,"House mount-rail flank angle measured from the part face (mating plane). 60 deg = 30 deg undercut from vertical: strong lock, prints clean without support.",True
dovetail_mount_clearance,mm,0.20,0.02,Per-surface slide clearance for the mount rail. Looser than dovetail_clearance (0.12) because the rail is larger and longer-travel.,True
gear_pressure_angle,deg,20,0.3490658503988659,"Involute pressure angle for FDM/industry gears. 20 deg = stronger teeth, tolerant of center-distance error; 14.5 deg is legacy. Source: AGMA/ISO.",True
gear_module_fine,mm,1.0,0.1,Fine gear module (small toys/mechanisms). Pitch dia = module x teeth. Two-gear center distance (the 'spacing') = module x (z1+z2)/2. Source: meta-matic/EngineerDog.,True
gear_module_standard,mm,1.5,0.15,"General-purpose FDM gear module (robots, DIY, fidget gear stacks).",True
gear_module_coarse,mm,2.0,0.2,Coarse module for higher-torque / robust FDM gears.,True
gear_backlash,mm,0.30,0.03,Total backlash between two meshing FDM gears printed SEPARATELY (~0.15 mm/gear). Apply as tooth thinning or +center distance; tune to printer. Source: FDM gear guides.,True
gear_pip_clearance,mm,0.15,0.015,"Per-surface clearance for PRINT-IN-PLACE gears (planetary fidgets) at 0.2 mm layer / 0.4 mm nozzle. ~0.1-0.2: tighter binds, looser rattles. Source: Printables PIP-fidget makers.",True
gear_addendum_factor,,1.0,1,Addendum (tooth height above pitch circle) = this x module. ISO standard 1.0. Dimensionless.,True
gear_dedendum_factor,,1.25,1.25,Dedendum (depth below pitch circle) = this x module; includes root clearance. Dimensionless.,True
gear_tip_clearance_factor,,0.25,0.25,Tip-to-root clearance = this x module. Whole tooth depth = (addendum+dedendum) = 2.25 x module. Dimensionless.,True
gear_min_teeth,,12,12,"Min teeth to avoid undercut on FDM 20 deg gears (theoretical 17; 12-14 OK printed, profile-shift below ~17). Dimensionless count.",True
bearing_r188_id,mm,6.35,0.635,R188 bearing bore (1/4 in). Compact fidget-spinner bearing vs the larger 608.,True
bearing_r188_od,mm,12.7,1.27,R188 bearing OD (1/2 in). Source: Boca Bearings fidget guide.,True
bearing_r188_width,mm,4.76,0.476,R188 bearing width (3/16 in). Verify - some R188 ship 1/8 in (3.18 mm) wide.,True
fidget_608_bearing_press,mm,bearing_608_od - 0.10,2.19,"608 bearing press-fit pocket ID for fidget-spinner caps (0.10 mm interference, FDM). For a slip-fit use bearing_608_od + 0.10 instead.",True
fidget_r188_bearing_press,mm,bearing_r188_od - 0.10,1.26,R188 bearing press-fit pocket ID for compact fidgets (0.10 mm interference).,True
fidget_click_pitch,mm,6.0,0.6,APPROX - tune. Center-to-center spacing between click/detent stops on a slider or dial fidget; sets the travel-per-click feel.,True
fidget_click_bump,mm,0.4,0.04,APPROX - tune. Ride-over bump/notch height that produces the tactile snap as a stop passes a detent. ~0.3-0.6 mm in PLA; bigger = stiffer click. See detent_* for a ball-detent click.,True
fidget_magnet_snap_gap,mm,0.6,0.06,APPROX - tune. Air gap held between moving and fixed magnets at a magnetic-slider click stop so they snap without contacting. Scale with magnet strength; see magnet_* sizes.,True
hinge_pin_dia,mm,3.0,0.3,Default print-in-place hinge pin diameter. Below ~2 mm gets fragile. Barrel bore = pin + 2x pip_hinge_clearance. Source: Snapmaker/Printables PIP hinge guides.,True
hinge_pin_bore,mm,hinge_pin_dia + 2 * pip_hinge_clearance,0.35,Print-in-place hinge barrel bore ID = pin dia + 2x radial clearance (pip_hinge_clearance 0.25). 3.0 -> 3.5 mm.,True
hinge_knuckle_gap,mm,0.40,0.04,Axial (Z) air gap between stacked hinge knuckles so they do not fuse/bind. Use >= 1-2 layer heights; larger than XY pin clearance since Z is discrete. Source: Snapmaker PIP hinge guide.,True
hinge_barrel_wall,mm,1.6,0.16,Min wall around a hinge barrel bore (~4x line width) for strength.,True
fidget_infinity_hinge_gap,mm,0.40,0.04,All-around air gap for infinity-cube folding hinges - loose fit so cubes fold freely without separating. Source: Fusion 360 infinity-cube tutorials.,True
fidget_button_travel,mm,1.0,0.1,APPROX - tune. Depression distance of a printed fidget-cube clicky button before bottoming/clicking. 0.5-1.5 mm; more travel = bigger throw.,True
fidget_button_cap_dia,mm,8.0,0.8,APPROX. Typical fidget-cube button cap diameter.,True
fidget_button_snap_height,mm,0.5,0.05,APPROX - tune. Snap-through lip/dome height the button rides over to produce the click. See snapfit_*/detent_* for the underlying mechanism.,True
